id,content_version,type_id,type_title,difficulty,correct_option_id,answer_option,grading_fingerprint,explanation
T01-01,3,T01,지렛대 합성·기울기,2,T01-01-O2,2,250c14d58a89816c8317924abfa3c2abd5db51958c3974a7df57895340a53702,규칙: 검은 공과 흰 공의 무게를 환산해 위치별로 합친 뒤 좌우 총무게로 기울기를 정합니다. 적용: 검은 공은 흰 공 2개와 균형을 이룹니다. 양쪽 공을 위치별로 합친 뒤 무게를 비교하면 왼쪽이 내려갑니다. 검산: 공의 개수와 지렛대 기울기를 모두 만족하는지 검산합니다.
T01-02,3,T01,지렛대 합성·기울기,2,T01-02-O3,3,e71fc229f5079e155c8e86f63ee7a9a753641c14b48a9695744394bf794f86bb,규칙: 검은 공과 흰 공의 무게를 환산해 위치별로 합친 뒤 좌우 총무게로 기울기를 정합니다. 적용: 검은 공은 흰 공 2개와 균형을 이룹니다. 양쪽 공을 위치별로 합친 뒤 무게를 비교하면 왼쪽이 내려갑니다. 검산: 공의 개수와 지렛대 기울기를 모두 만족하는지 검산합니다.
T01-03,3,T01,지렛대 합성·기울기,3,T01-03-O2,2,74da8ef2b304d4b2518e036ed6bd7c6bb403e8b5b0f052ea91840cdf52c30d9c,규칙: 검은 공과 흰 공의 무게를 환산해 위치별로 합친 뒤 좌우 총무게로 기울기를 정합니다. 적용: 검은 공은 흰 공 2개와 균형을 이룹니다. 양쪽 공을 위치별로 합친 뒤 무게를 비교하면 오른쪽이 내려갑니다. 검산: 공의 개수와 지렛대 기울기를 모두 만족하는지 검산합니다.
T01-04,3,T01,지렛대 합성·기울기,4,T01-04-O6,6,bbc0894a82569d9a9deee39fc7d6851a79ca6f6e60f0bbe5f031d47858b8a6d3,규칙: 검은 공과 흰 공의 무게를 환산해 위치별로 합친 뒤 좌우 총무게로 기울기를 정합니다. 적용: 검은 공은 흰 공 2개와 균형을 이룹니다. 양쪽 공을 위치별로 합친 뒤 무게를 비교하면 왼쪽이 내려갑니다. 검산: 공의 개수와 지렛대 기울기를 모두 만족하는지 검산합니다.
T01-05,3,T01,지렛대 합성·기울기,4,T01-05-O4,4,3a1b81cedeb44dde5eab4d9fbf4159f95ba17c7d84c32890df20f0f5c2f7c5ac,규칙: 검은 공과 흰 공의 무게를 환산해 위치별로 합친 뒤 좌우 총무게로 기울기를 정합니다. 적용: 검은 공은 흰 공 2개와 균형을 이룹니다. 양쪽 공을 위치별로 합친 뒤 무게를 비교하면 왼쪽이 내려갑니다. 검산: 공의 개수와 지렛대 기울기를 모두 만족하는지 검산합니다.
T01-06,2,T01,지렛대 합성·기울기,3,T01-06-O1,1,f18fca5ae456db2fc41e5657240a663f975a623095efb32bb061d5095b0b9054,"규칙: 검은 공과 흰 공의 무게를 환산해 위치별로 합친 뒤 좌우 총무게로 기울기를 정합니다. 적용: 왼쪽에는 검은 원, 파란 삼각형, 오른쪽에는 흰 원, 흰 원, 검은 원, 검은 원가 남습니다. 무게는 왼쪽 5, 오른쪽 6이므로 오른쪽 쪽이 내려갑니다. 검산: 공의 개수와 지렛대 기울기를 모두 만족하는지 검산합니다."
T01-07,2,T01,지렛대 합성·기울기,3,T01-07-O3,3,e41fabe493a290c1ea7731667bdc2b2c38a2cd0bc15c58ec41f1ef6dc8e756be,"규칙: 검은 공과 흰 공의 무게를 환산해 위치별로 합친 뒤 좌우 총무게로 기울기를 정합니다. 적용: 왼쪽에는 흰 원, 흰 원, 파란 삼각형, 오른쪽에는 검은 원, 검은 원가 남습니다. 무게는 왼쪽 5, 오른쪽 4이므로 왼쪽 쪽이 내려갑니다. 검산: 공의 개수와 지렛대 기울기를 모두 만족하는지 검산합니다."
T01-08,2,T01,지렛대 합성·기울기,3,T01-08-O3,3,c1a83902d8776f986f388c15c1ff2778b998b38dbd988900a8883333cdd613bc,"규칙: 검은 공과 흰 공의 무게를 환산해 위치별로 합친 뒤 좌우 총무게로 기울기를 정합니다. 적용: 왼쪽에는 흰 원, 흰 원, 검은 원, 파란 삼각형, 오른쪽에는 검은 원, 파란 삼각형가 남습니다. 무게는 왼쪽 7, 오른쪽 5이므로 왼쪽 쪽이 내려갑니다. 검산: 공의 개수와 지렛대 기울기를 모두 만족하는지 검산합니다."
T01-09,2,T01,지렛대 합성·기울기,4,T01-09-O3,3,2336480ac59664829752e28fff27bcd76df503eac1c774254eef853279fe94e1,"규칙: 검은 공과 흰 공의 무게를 환산해 위치별로 합친 뒤 좌우 총무게로 기울기를 정합니다. 적용: 왼쪽에는 흰 원, 흰 원, 파란 삼각형, 오른쪽에는 흰 원, 파란 삼각형, 파란 삼각형가 남습니다. 무게는 왼쪽 5, 오른쪽 7이므로 오른쪽 쪽이 내려갑니다. 검산: 공의 개수와 지렛대 기울기를 모두 만족하는지 검산합니다."
T01-10,2,T01,지렛대 합성·기울기,4,T01-10-O3,3,fd46aed0381f6480b9b863e939177915630364fd5945bf24a0571235dc6749c3,"규칙: 검은 공과 흰 공의 무게를 환산해 위치별로 합친 뒤 좌우 총무게로 기울기를 정합니다. 적용: 왼쪽에는 흰 원, 흰 원, 검은 원, 파란 삼각형, 오른쪽에는 검은 원, 파란 삼각형, 파란 삼각형가 남습니다. 무게는 왼쪽 7, 오른쪽 8이므로 오른쪽 쪽이 내려갑니다. 검산: 공의 개수와 지렛대 기울기를 모두 만족하는지 검산합니다."
T01-11,2,T01,지렛대 합성·기울기,4,T01-11-O2,2,7eca5696a586329738d224bc6d2533c003b1a9e26fabbd3897489b540e3925ee,"규칙: 검은 공과 흰 공의 무게를 환산해 위치별로 합친 뒤 좌우 총무게로 기울기를 정합니다. 적용: 왼쪽에는 흰 원, 검은 원, 검은 원, 파란 삼각형, 오른쪽에는 흰 원, 파란 삼각형, 파란 삼각형가 남습니다. 무게는 왼쪽 8, 오른쪽 7이므로 왼쪽 쪽이 내려갑니다. 검산: 공의 개수와 지렛대 기울기를 모두 만족하는지 검산합니다."
T01-12,2,T01,지렛대 합성·기울기,4,T01-12-O6,6,498ce07fec0e465bb05b603d1088896ee1aa1a54533fc1ee19de6c939d90f024,"규칙: 검은 공과 흰 공의 무게를 환산해 위치별로 합친 뒤 좌우 총무게로 기울기를 정합니다. 적용: 왼쪽에는 흰 원, 검은 원, 노란 사각형, 오른쪽에는 흰 원, 흰 원가 남습니다. 무게는 왼쪽 7, 오른쪽 2이므로 왼쪽 쪽이 내려갑니다. 검산: 공의 개수와 지렛대 기울기를 모두 만족하는지 검산합니다."
T01-13,2,T01,지렛대 합성·기울기,5,T01-13-O1,1,8099e4bed5dfedb4fc57e93a092f6e3e11f22436b9da88d2251f6054c26e0cd0,"규칙: 검은 공과 흰 공의 무게를 환산해 위치별로 합친 뒤 좌우 총무게로 기울기를 정합니다. 적용: 왼쪽에는 검은 원, 파란 삼각형, 노란 사각형, 오른쪽에는 흰 원, 파란 삼각형, 노란 사각형가 남습니다. 무게는 왼쪽 9, 오른쪽 8이므로 왼쪽 쪽이 내려갑니다. 검산: 공의 개수와 지렛대 기울기를 모두 만족하는지 검산합니다."
T01-14,2,T01,지렛대 합성·기울기,5,T01-14-O2,2,42dd22660d4541eac7a3ba6efaa2e81ab12aa636accee9a418140fc2fc0e2b4a,"규칙: 검은 공과 흰 공의 무게를 환산해 위치별로 합친 뒤 좌우 총무게로 기울기를 정합니다. 적용: 왼쪽에는 흰 원, 검은 원, 노란 사각형, 노란 사각형, 오른쪽에는 검은 원, 검은 원, 파란 삼각형가 남습니다. 무게는 왼쪽 11, 오른쪽 7이므로 왼쪽 쪽이 내려갑니다. 검산: 공의 개수와 지렛대 기울기를 모두 만족하는지 검산합니다."
T01-15,2,T01,지렛대 합성·기울기,5,T01-15-O4,4,8bcc8067c05a808d4ee9d75e6b6ab0008503c176fbcb04b7dbd9872ec0eab009,"규칙: 검은 공과 흰 공의 무게를 환산해 위치별로 합친 뒤 좌우 총무게로 기울기를 정합니다. 적용: 왼쪽에는 검은 원, 파란 삼각형, 오른쪽에는 파란 삼각형, 파란 삼각형가 남습니다. 무게는 왼쪽 5, 오른쪽 6이므로 오른쪽 쪽이 내려갑니다. 검산: 공의 개수와 지렛대 기울기를 모두 만족하는지 검산합니다."
T01-16,4,T01,지렛대 합성·기울기,2,T01-16-O1,1,709980f1073bbeead9b9d6cee7b9c468455b1a603f1496946548f737383e921c,"규칙: 검은 공과 흰 공의 무게를 환산해 위치별로 합친 뒤 좌우 총무게로 기울기를 정합니다. 적용: 두 지렛대의 왼쪽 물체끼리, 오른쪽 물체끼리 합칩니다. 합친 뒤 왼쪽 무게는 10, 오른쪽 무게는 9이므로 왼쪽 방향이 정답입니다. 검산: 구성요소와 왼쪽 기울기를 동시에 만족하는 보기만 남깁니다."
T01-17,4,T01,지렛대 합성·기울기,4,T01-17-O2,2,9a128263033f968a5b86c29c207b7509e81ae821c9c317a109a2795b190ca052,"규칙: 검은 공과 흰 공의 무게를 환산해 위치별로 합친 뒤 좌우 총무게로 기울기를 정합니다. 적용: 두 지렛대의 왼쪽 물체끼리, 오른쪽 물체끼리 합칩니다. 합친 뒤 왼쪽 무게는 7, 오른쪽 무게는 8이므로 오른쪽 방향이 정답입니다. 검산: 구성요소와 오른쪽 기울기를 동시에 만족하는 보기만 남깁니다."
T01-18,4,T01,지렛대 합성·기울기,5,T01-18-O3,3,37789ed5412314627ed8390546814a4e1f65963b05993055036fbf48be95b311,"규칙: 검은 공과 흰 공의 무게를 환산해 위치별로 합친 뒤 좌우 총무게로 기울기를 정합니다. 적용: 두 지렛대의 왼쪽 물체끼리, 오른쪽 물체끼리 합칩니다. 합친 뒤 왼쪽 무게는 4, 오른쪽 무게는 7이므로 오른쪽 방향이 정답입니다. 검산: 구성요소와 오른쪽 기울기를 동시에 만족하는 보기만 남깁니다."
T01-19,4,T01,지렛대 합성·기울기,3,T01-19-O4,4,a7a1dbbf72d39d2b74aed0cd3687bf13f98282e8e7caacf2e3650179c82516d5,"규칙: 검은 공과 흰 공의 무게를 환산해 위치별로 합친 뒤 좌우 총무게로 기울기를 정합니다. 적용: 두 지렛대의 왼쪽 물체끼리, 오른쪽 물체끼리 합칩니다. 합친 뒤 왼쪽 무게는 3, 오른쪽 무게는 6이므로 오른쪽 방향이 정답입니다. 검산: 구성요소와 오른쪽 기울기를 동시에 만족하는 보기만 남깁니다."
T01-20,4,T01,지렛대 합성·기울기,4,T01-20-O5,5,7c86d820266c12e7b134e227bb3111179356e3c2f78725cd739812be6bd8f8ce,"규칙: 검은 공과 흰 공의 무게를 환산해 위치별로 합친 뒤 좌우 총무게로 기울기를 정합니다. 적용: 두 지렛대의 왼쪽 물체끼리, 오른쪽 물체끼리 합칩니다. 합친 뒤 왼쪽 무게는 11, 오른쪽 무게는 9이므로 왼쪽 방향이 정답입니다. 검산: 구성요소와 왼쪽 기울기를 동시에 만족하는 보기만 남깁니다."
T01-21,4,T01,지렛대 합성·기울기,5,T01-21-O6,6,20af7f3a4590c1816eb9e0192fc21e5b5d51aad9daecbbf1838c0914bd981cd3,"규칙: 검은 공과 흰 공의 무게를 환산해 위치별로 합친 뒤 좌우 총무게로 기울기를 정합니다. 적용: 두 지렛대의 왼쪽 물체끼리, 오른쪽 물체끼리 합칩니다. 합친 뒤 왼쪽 무게는 8, 오른쪽 무게는 6이므로 왼쪽 방향이 정답입니다. 검산: 구성요소와 왼쪽 기울기를 동시에 만족하는 보기만 남깁니다."
T01-22,4,T01,지렛대 합성·기울기,2,T01-22-O1,1,6080725abc64cf1b56d0819078a7cb9120fd0b836e39e6d4d809e36bc707b18a,"규칙: 검은 공과 흰 공의 무게를 환산해 위치별로 합친 뒤 좌우 총무게로 기울기를 정합니다. 적용: 두 지렛대의 왼쪽 물체끼리, 오른쪽 물체끼리 합칩니다. 합친 뒤 왼쪽 무게는 8, 오른쪽 무게는 5이므로 왼쪽 방향이 정답입니다. 검산: 구성요소와 왼쪽 기울기를 동시에 만족하는 보기만 남깁니다."
T01-23,4,T01,지렛대 합성·기울기,4,T01-23-O2,2,5b6f7ec0add51d6f545e1560584ee211819383a134333ae00f3efb0c9a39201e,"규칙: 검은 공과 흰 공의 무게를 환산해 위치별로 합친 뒤 좌우 총무게로 기울기를 정합니다. 적용: 두 지렛대의 왼쪽 물체끼리, 오른쪽 물체끼리 합칩니다. 합친 뒤 왼쪽 무게는 9, 오른쪽 무게는 4이므로 왼쪽 방향이 정답입니다. 검산: 구성요소와 왼쪽 기울기를 동시에 만족하는 보기만 남깁니다."
T01-24,4,T01,지렛대 합성·기울기,5,T01-24-O3,3,6588df9e210b9e57130d315cde1d4ea351d63f4f58f1cb1ae955f9e288f713a2,"규칙: 검은 공과 흰 공의 무게를 환산해 위치별로 합친 뒤 좌우 총무게로 기울기를 정합니다. 적용: 두 지렛대의 왼쪽 물체끼리, 오른쪽 물체끼리 합칩니다. 합친 뒤 왼쪽 무게는 6, 오른쪽 무게는 6이므로 양쪽이 같아 수평 방향이 정답입니다. 검산: 구성요소와 양쪽이 같아 수평 기울기를 동시에 만족하는 보기만 남깁니다."
T01-25,4,T01,지렛대 합성·기울기,3,T01-25-O4,4,bf9d74ee490118e62d1673d04c1d6046ca01f7fad689c690a2dc5712ca059869,"규칙: 검은 공과 흰 공의 무게를 환산해 위치별로 합친 뒤 좌우 총무게로 기울기를 정합니다. 적용: 두 지렛대의 왼쪽 물체끼리, 오른쪽 물체끼리 합칩니다. 합친 뒤 왼쪽 무게는 6, 오른쪽 무게는 8이므로 오른쪽 방향이 정답입니다. 검산: 구성요소와 오른쪽 기울기를 동시에 만족하는 보기만 남깁니다."
T01-26,4,T01,지렛대 합성·기울기,4,T01-26-O5,5,194161b999d9ededf8dd255717cb87a63012b400c157c05db03d12d92f2010fa,"규칙: 검은 공과 흰 공의 무게를 환산해 위치별로 합친 뒤 좌우 총무게로 기울기를 정합니다. 적용: 두 지렛대의 왼쪽 물체끼리, 오른쪽 물체끼리 합칩니다. 합친 뒤 왼쪽 무게는 5, 오른쪽 무게는 4이므로 왼쪽 방향이 정답입니다. 검산: 구성요소와 왼쪽 기울기를 동시에 만족하는 보기만 남깁니다."
T01-27,4,T01,지렛대 합성·기울기,5,T01-27-O6,6,033077bbd1aa06186b26a832380a9578d67d8a10c379b49a1c78759eb4788ab2,"규칙: 검은 공과 흰 공의 무게를 환산해 위치별로 합친 뒤 좌우 총무게로 기울기를 정합니다. 적용: 두 지렛대의 왼쪽 물체끼리, 오른쪽 물체끼리 합칩니다. 합친 뒤 왼쪽 무게는 8, 오른쪽 무게는 7이므로 왼쪽 방향이 정답입니다. 검산: 구성요소와 왼쪽 기울기를 동시에 만족하는 보기만 남깁니다."
T02-01,3,T02,행렬식 단순 합성,2,T02-01-O6,6,f4afc293189d10622a374b865fabfb7daeebd99b8a9dd60db03cc8e0a8ecba4d,규칙: 앞의 두 도형을 같은 위치에 합쳐 모든 구성요소를 남깁니다. 적용: ‘+’는 두 그림의 모든 구성요소를 빠짐없이 겹치는 연산입니다. 아랫줄 두 도형의 요소를 모두 포함한 보기가 정답입니다. 검산: 원본의 모든 요소가 한 번 이상 결과에 들어갔는지 검산합니다.
T02-02,3,T02,행렬식 단순 합성,2,T02-02-O3,3,dcaede285193b29145a21a13aff064791cb809c6a79413b71eae3a63570c9d76,규칙: 앞의 두 도형을 같은 위치에 합쳐 모든 구성요소를 남깁니다. 적용: ‘+’는 두 그림의 모든 구성요소를 빠짐없이 겹치는 연산입니다. 아랫줄 두 도형의 요소를 모두 포함한 보기가 정답입니다. 검산: 원본의 모든 요소가 한 번 이상 결과에 들어갔는지 검산합니다.
T02-03,3,T02,행렬식 단순 합성,3,T02-03-O6,6,8049b6a42f17514985ab09fa2639b344d909e75d4922b91d95c5a406ba852d1f,규칙: 앞의 두 도형을 같은 위치에 합쳐 모든 구성요소를 남깁니다. 적용: ‘+’는 두 그림의 모든 구성요소를 빠짐없이 겹치는 연산입니다. 아랫줄 두 도형의 요소를 모두 포함한 보기가 정답입니다. 검산: 원본의 모든 요소가 한 번 이상 결과에 들어갔는지 검산합니다.
T02-04,3,T02,행렬식 단순 합성,4,T02-04-O5,5,07e9fb73dd86db5bf97a6e26df51132706697933eeed1be4735ca36bb4832293,규칙: 앞의 두 도형을 같은 위치에 합쳐 모든 구성요소를 남깁니다. 적용: ‘+’는 두 그림의 모든 구성요소를 빠짐없이 겹치는 연산입니다. 아랫줄 두 도형의 요소를 모두 포함한 보기가 정답입니다. 검산: 원본의 모든 요소가 한 번 이상 결과에 들어갔는지 검산합니다.
T02-05,3,T02,행렬식 단순 합성,4,T02-05-O4,4,d7f80d9c16bc90698022233080df4aa5c32c0b934487ecd65ec7b11809399033,규칙: 앞의 두 도형을 같은 위치에 합쳐 모든 구성요소를 남깁니다. 적용: ‘+’는 두 그림의 모든 구성요소를 빠짐없이 겹치는 연산입니다. 아랫줄 두 도형의 요소를 모두 포함한 보기가 정답입니다. 검산: 원본의 모든 요소가 한 번 이상 결과에 들어갔는지 검산합니다.
T02-06,2,T02,행렬식 단순 합성,3,T02-06-O4,4,af74060d521bb7af5cf5efe0ce71bb63770e297dfc75981cb648f04269ff48b2,"규칙: 앞의 두 도형을 같은 위치에 합쳐 모든 구성요소를 남깁니다. 적용: 마지막 행의 두 집합을 합치면 외곽 원, 외곽 사각형, 삼각형, 가운데 세로선가 남습니다. 공통 요소도 제거하지 않고 한 번 유지합니다. 검산: 원본의 모든 요소가 한 번 이상 결과에 들어갔는지 검산합니다."
T02-07,2,T02,행렬식 단순 합성,3,T02-07-O2,2,12e2e9a04c7c873b1367c593a16f2c434258aaff4b67a7d010b615fd30b4998c,"규칙: 앞의 두 도형을 같은 위치에 합쳐 모든 구성요소를 남깁니다. 적용: 마지막 행의 두 집합을 합치면 마름모, 안쪽 사각형, 오각형, 작은 원, 왼쪽 세로선가 남습니다. 공통 요소도 제거하지 않고 한 번 유지합니다. 검산: 원본의 모든 요소가 한 번 이상 결과에 들어갔는지 검산합니다."
T02-08,2,T02,행렬식 단순 합성,3,T02-08-O4,4,334b466c4fcd9fccae5909c3c731f11d1dc7df72523e7fba4543eecbe923923f,"규칙: 앞의 두 도형을 같은 위치에 합쳐 모든 구성요소를 남깁니다. 적용: 마지막 행의 두 집합을 합치면 왼쪽 위-오른쪽 아래 대각선, 검은 점, 아래쪽 가로선, 안쪽 사각형, 오각형가 남습니다. 공통 요소도 제거하지 않고 한 번 유지합니다. 검산: 원본의 모든 요소가 한 번 이상 결과에 들어갔는지 검산합니다."
T02-09,2,T02,행렬식 단순 합성,4,T02-09-O2,2,2e8b2f0967f47960950fc80d49b67e40745837eca8e05e4a8a116b8d709c2c30,"규칙: 앞의 두 도형을 같은 위치에 합쳐 모든 구성요소를 남깁니다. 적용: 마지막 행의 두 집합을 합치면 왼쪽 위-오른쪽 아래 대각선, 마름모, 가운데 가로선, 아래쪽 가로선가 남습니다. 공통 요소도 제거하지 않고 한 번 유지합니다. 검산: 원본의 모든 요소가 한 번 이상 결과에 들어갔는지 검산합니다."
T02-10,2,T02,행렬식 단순 합성,4,T02-10-O1,1,d456a29db12f6332e46aa648f500f0866e9052fa055eae5e734beb5d4ee7741d,"규칙: 앞의 두 도형을 같은 위치에 합쳐 모든 구성요소를 남깁니다. 적용: 마지막 행의 두 집합을 합치면 왼쪽 위-오른쪽 아래 대각선, 왼쪽 아래-오른쪽 위 대각선, 검은 점, 작은 원, 왼쪽 세로선가 남습니다. 공통 요소도 제거하지 않고 한 번 유지합니다. 검산: 원본의 모든 요소가 한 번 이상 결과에 들어갔는지 검산합니다."
T02-11,2,T02,행렬식 단순 합성,4,T02-11-O4,4,80931be23b750575a0caab351647328a69f0df8336cef773ad3abc9b5a7a7947,"규칙: 앞의 두 도형을 같은 위치에 합쳐 모든 구성요소를 남깁니다. 적용: 마지막 행의 두 집합을 합치면 위쪽 가로선, 외곽 원, 외곽 사각형, 가운데 세로선가 남습니다. 공통 요소도 제거하지 않고 한 번 유지합니다. 검산: 원본의 모든 요소가 한 번 이상 결과에 들어갔는지 검산합니다."
T02-12,2,T02,행렬식 단순 합성,4,T02-12-O2,2,2924cc9d11f9279ecfb8d15013cbe59143044c7986ba094d0261ca00bc4fd990,"규칙: 앞의 두 도형을 같은 위치에 합쳐 모든 구성요소를 남깁니다. 적용: 마지막 행의 두 집합을 합치면 가운데 가로선, 위쪽 가로선, 안쪽 사각형, 오각형, 삼각형가 남습니다. 공통 요소도 제거하지 않고 한 번 유지합니다. 검산: 원본의 모든 요소가 한 번 이상 결과에 들어갔는지 검산합니다."
T02-13,2,T02,행렬식 단순 합성,5,T02-13-O1,1,442076f463e7a22969e0f732cea8a90bf69dfebea7ce76a378cfabe275a7c731,"규칙: 앞의 두 도형을 같은 위치에 합쳐 모든 구성요소를 남깁니다. 적용: 마지막 행의 두 집합을 합치면 왼쪽 아래-오른쪽 위 대각선, 작은 원, 삼각형, 오른쪽 세로선가 남습니다. 공통 요소도 제거하지 않고 한 번 유지합니다. 검산: 원본의 모든 요소가 한 번 이상 결과에 들어갔는지 검산합니다."
T02-14,2,T02,행렬식 단순 합성,5,T02-14-O4,4,0dcb8ea73da701717f003771d8534732294131edb9fb599ecfb72e18731a1585,"규칙: 앞의 두 도형을 같은 위치에 합쳐 모든 구성요소를 남깁니다. 적용: 마지막 행의 두 집합을 합치면 왼쪽 위-오른쪽 아래 대각선, 마름모, 검은 점, 외곽 사각형, 삼각형가 남습니다. 공통 요소도 제거하지 않고 한 번 유지합니다. 검산: 원본의 모든 요소가 한 번 이상 결과에 들어갔는지 검산합니다."
T02-15,2,T02,행렬식 단순 합성,5,T02-15-O6,6,fb0a47152bd503a6dd4d9d0cb9c1ab972f10c68c55d99274b30181445c110227,"규칙: 앞의 두 도형을 같은 위치에 합쳐 모든 구성요소를 남깁니다. 적용: 마지막 행의 두 집합을 합치면 안쪽 사각형, 외곽 사각형, 오각형, 삼각형가 남습니다. 공통 요소도 제거하지 않고 한 번 유지합니다. 검산: 원본의 모든 요소가 한 번 이상 결과에 들어갔는지 검산합니다."
T02-16,4,T02,행렬식 단순 합성,1,T02-16-O1,1,d818b9a1713bab9ba3625890492277fb7c632794f9b3a7a1050104c4a94a40dd,규칙: 앞의 두 도형을 같은 위치에 합쳐 모든 구성요소를 남깁니다. 적용: ‘+’는 두 그림의 구성요소를 모두 겹쳐 남기는 합집합 연산입니다. 아래 두 그림의 요소를 빠짐없이 모은 보기가 정답입니다. 검산: 빠진 요소와 불필요하게 추가된 요소가 없는지 확인합니다.
T02-17,4,T02,행렬식 단순 합성,4,T02-17-O2,2,5136749e01b676f1c6fa007acb2cbb752ee7ebdc3e6b29f10f6609565d518e9b,규칙: 앞의 두 도형을 같은 위치에 합쳐 모든 구성요소를 남깁니다. 적용: ‘+’는 두 그림의 구성요소를 모두 겹쳐 남기는 합집합 연산입니다. 아래 두 그림의 요소를 빠짐없이 모은 보기가 정답입니다. 검산: 빠진 요소와 불필요하게 추가된 요소가 없는지 확인합니다.
T02-18,4,T02,행렬식 단순 합성,5,T02-18-O3,3,68250eb82a867a314bf4dac9a3f11ceb27399f006cbda2d541ce3381f4529a20,규칙: 앞의 두 도형을 같은 위치에 합쳐 모든 구성요소를 남깁니다. 적용: ‘+’는 두 그림의 구성요소를 모두 겹쳐 남기는 합집합 연산입니다. 아래 두 그림의 요소를 빠짐없이 모은 보기가 정답입니다. 검산: 빠진 요소와 불필요하게 추가된 요소가 없는지 확인합니다.
T02-19,4,T02,행렬식 단순 합성,3,T02-19-O4,4,cf755a7f9f598265a37316ae031cd0864e8222cb087dd91883c268c04278d762,규칙: 앞의 두 도형을 같은 위치에 합쳐 모든 구성요소를 남깁니다. 적용: ‘+’는 두 그림의 구성요소를 모두 겹쳐 남기는 합집합 연산입니다. 아래 두 그림의 요소를 빠짐없이 모은 보기가 정답입니다. 검산: 빠진 요소와 불필요하게 추가된 요소가 없는지 확인합니다.
T02-20,4,T02,행렬식 단순 합성,4,T02-20-O5,5,81e90ca3087f5de2edea66ddf8c5573d67979f3600ac7289c9ed6adb02883478,규칙: 앞의 두 도형을 같은 위치에 합쳐 모든 구성요소를 남깁니다. 적용: ‘+’는 두 그림의 구성요소를 모두 겹쳐 남기는 합집합 연산입니다. 아래 두 그림의 요소를 빠짐없이 모은 보기가 정답입니다. 검산: 빠진 요소와 불필요하게 추가된 요소가 없는지 확인합니다.
T02-21,4,T02,행렬식 단순 합성,5,T02-21-O6,6,3d7e8810558a9e8192cb14aa65ccd005d509de5c280147b7de22a85090da4095,규칙: 앞의 두 도형을 같은 위치에 합쳐 모든 구성요소를 남깁니다. 적용: ‘+’는 두 그림의 구성요소를 모두 겹쳐 남기는 합집합 연산입니다. 아래 두 그림의 요소를 빠짐없이 모은 보기가 정답입니다. 검산: 빠진 요소와 불필요하게 추가된 요소가 없는지 확인합니다.
T02-22,4,T02,행렬식 단순 합성,1,T02-22-O1,1,d44de48c640d2bc99d0e3e6050a64f934984c57cbfd05d89436c18dd7a0b4ed5,규칙: 앞의 두 도형을 같은 위치에 합쳐 모든 구성요소를 남깁니다. 적용: ‘+’는 두 그림의 구성요소를 모두 겹쳐 남기는 합집합 연산입니다. 아래 두 그림의 요소를 빠짐없이 모은 보기가 정답입니다. 검산: 빠진 요소와 불필요하게 추가된 요소가 없는지 확인합니다.
T02-23,4,T02,행렬식 단순 합성,4,T02-23-O2,2,faef62b98e5f7068d8bd91889147a96a61d9b9c70e6ff0e029d9b19bd24a2fc1,규칙: 앞의 두 도형을 같은 위치에 합쳐 모든 구성요소를 남깁니다. 적용: ‘+’는 두 그림의 구성요소를 모두 겹쳐 남기는 합집합 연산입니다. 아래 두 그림의 요소를 빠짐없이 모은 보기가 정답입니다. 검산: 빠진 요소와 불필요하게 추가된 요소가 없는지 확인합니다.
T02-24,4,T02,행렬식 단순 합성,5,T02-24-O3,3,2c98d0a15c5d66c2533f420f4c0929886c2030a5dcbb0651687e24c83632fc93,규칙: 앞의 두 도형을 같은 위치에 합쳐 모든 구성요소를 남깁니다. 적용: ‘+’는 두 그림의 구성요소를 모두 겹쳐 남기는 합집합 연산입니다. 아래 두 그림의 요소를 빠짐없이 모은 보기가 정답입니다. 검산: 빠진 요소와 불필요하게 추가된 요소가 없는지 확인합니다.
T02-25,4,T02,행렬식 단순 합성,3,T02-25-O4,4,87567cc869d1fd2ce9a82919871c58b5050aa2cb39ba55ed302ce8fa09dc35fd,규칙: 앞의 두 도형을 같은 위치에 합쳐 모든 구성요소를 남깁니다. 적용: ‘+’는 두 그림의 구성요소를 모두 겹쳐 남기는 합집합 연산입니다. 아래 두 그림의 요소를 빠짐없이 모은 보기가 정답입니다. 검산: 빠진 요소와 불필요하게 추가된 요소가 없는지 확인합니다.
T02-26,4,T02,행렬식 단순 합성,4,T02-26-O5,5,4c393b06162ad6419d665ba3840b481997210ac1e6b6e93997a5f3790909eb67,규칙: 앞의 두 도형을 같은 위치에 합쳐 모든 구성요소를 남깁니다. 적용: ‘+’는 두 그림의 구성요소를 모두 겹쳐 남기는 합집합 연산입니다. 아래 두 그림의 요소를 빠짐없이 모은 보기가 정답입니다. 검산: 빠진 요소와 불필요하게 추가된 요소가 없는지 확인합니다.
T02-27,4,T02,행렬식 단순 합성,5,T02-27-O6,6,c698586da6b3a2ed8332fcdf3be68f8edf300a3a2cf06eaf51189994fa770df4,규칙: 앞의 두 도형을 같은 위치에 합쳐 모든 구성요소를 남깁니다. 적용: ‘+’는 두 그림의 구성요소를 모두 겹쳐 남기는 합집합 연산입니다. 아래 두 그림의 요소를 빠짐없이 모은 보기가 정답입니다. 검산: 빠진 요소와 불필요하게 추가된 요소가 없는지 확인합니다.
T03-01,3,T03,별 다각형 순서·연결,2,T03-01-O2,2,3edf5f6298fd10101cb3d747016edd19508c7256a764620a9c2191880c403855,"규칙: 꼭짓점 수의 변화와 내부 연결 방식을 각각 수열로 추적합니다. 적용: 바깥 꼭짓점 수가 하나씩 증가합니다. 홀수 개 도형은 한 번에 이어 그린 별 다각형, 짝수 개 도형은 같은 크기의 두 다각형을 겹친 형태입니다. 따라서 정답은 꼭짓점 9개의 정규 패턴입니다. 검산: 꼭짓점 수와 내부 연결 규칙이 동시에 이어지는지 검산합니다."
T03-02,3,T03,별 다각형 순서·연결,2,T03-02-O2,2,fcb4d1d783dd4e65e76e48f70c87699cb912e710eae8c9de9cbf209c49cef973,"규칙: 꼭짓점 수의 변화와 내부 연결 방식을 각각 수열로 추적합니다. 적용: 바깥 꼭짓점 수가 하나씩 감소합니다. 홀수 개 도형은 한 번에 이어 그린 별 다각형, 짝수 개 도형은 같은 크기의 두 다각형을 겹친 형태입니다. 따라서 정답은 꼭짓점 6개의 정규 패턴입니다. 검산: 꼭짓점 수와 내부 연결 규칙이 동시에 이어지는지 검산합니다."
T03-03,3,T03,별 다각형 순서·연결,3,T03-03-O6,6,8c2bd3ccfcb919fbee935d170dc3b19d7e6c2eb24d3daea6ee6827047cf2e0f9,"규칙: 꼭짓점 수의 변화와 내부 연결 방식을 각각 수열로 추적합니다. 적용: 바깥 꼭짓점 수가 하나씩 증가합니다. 홀수 개 도형은 한 번에 이어 그린 별 다각형, 짝수 개 도형은 같은 크기의 두 다각형을 겹친 형태입니다. 따라서 정답은 꼭짓점 11개의 정규 패턴입니다. 검산: 꼭짓점 수와 내부 연결 규칙이 동시에 이어지는지 검산합니다."
T03-04,3,T03,별 다각형 순서·연결,4,T03-04-O1,1,002b0361b82522342767b306cb0ded8d48a6f99485584f37b28d935174b17870,"규칙: 꼭짓점 수의 변화와 내부 연결 방식을 각각 수열로 추적합니다. 적용: 바깥 꼭짓점 수가 하나씩 감소합니다. 홀수 개 도형은 한 번에 이어 그린 별 다각형, 짝수 개 도형은 같은 크기의 두 다각형을 겹친 형태입니다. 따라서 정답은 꼭짓점 8개의 정규 패턴입니다. 검산: 꼭짓점 수와 내부 연결 규칙이 동시에 이어지는지 검산합니다."
T03-05,3,T03,별 다각형 순서·연결,4,T03-05-O1,1,03c6b615b2f8b8f3cf9bfca0dac313e7534f10d691a9de99f41bb644077754d1,"규칙: 꼭짓점 수의 변화와 내부 연결 방식을 각각 수열로 추적합니다. 적용: 바깥 꼭짓점 수가 하나씩 증가합니다. 홀수 개 도형은 한 번에 이어 그린 별 다각형, 짝수 개 도형은 같은 크기의 두 다각형을 겹친 형태입니다. 따라서 정답은 꼭짓점 13개의 정규 패턴입니다. 검산: 꼭짓점 수와 내부 연결 규칙이 동시에 이어지는지 검산합니다."
T03-06,2,T03,별 다각형 순서·연결,3,T03-06-O6,6,733444e5de24754e3f3f7656327f53cd7b94c479ae6ac6db38c1f214a814f9c2,"규칙: 꼭짓점 수의 변화와 내부 연결 방식을 각각 수열로 추적합니다. 적용: 꼭짓점 수는 한 단계마다 1씩 증가하고, 연결 간격은 두 항마다 1씩 증가합니다. 따라서 9개의 꼭짓점을 4칸 간격으로 잇는 별이 정답입니다. 검산: 꼭짓점 수와 내부 연결 규칙이 동시에 이어지는지 검산합니다."
T03-07,2,T03,별 다각형 순서·연결,3,T03-07-O3,3,8b29fe18ba067f93da61229b5a3d8bede17c9e80a17842d97a1e8ea91fb26abc,"규칙: 꼭짓점 수의 변화와 내부 연결 방식을 각각 수열로 추적합니다. 적용: 꼭짓점 수는 한 단계마다 1씩 증가하고, 연결 간격은 두 항마다 1씩 증가합니다. 따라서 10개의 꼭짓점을 4칸 간격으로 잇는 별이 정답입니다. 검산: 꼭짓점 수와 내부 연결 규칙이 동시에 이어지는지 검산합니다."
T03-08,2,T03,별 다각형 순서·연결,3,T03-08-O2,2,6b142389c499f471a67d16533886c4fe6e111939cab8ed88041554232c8de9fe,"규칙: 꼭짓점 수의 변화와 내부 연결 방식을 각각 수열로 추적합니다. 적용: 꼭짓점 수는 한 단계마다 1씩 증가하고, 연결 간격은 두 항마다 1씩 증가합니다. 따라서 11개의 꼭짓점을 5칸 간격으로 잇는 별이 정답입니다. 검산: 꼭짓점 수와 내부 연결 규칙이 동시에 이어지는지 검산합니다."
T03-09,2,T03,별 다각형 순서·연결,4,T03-09-O2,2,7e82d8db30a0dd42cad1dfa6a93932bd0381f1635bb6ee88ceb4bec694c73e07,"규칙: 꼭짓점 수의 변화와 내부 연결 방식을 각각 수열로 추적합니다. 적용: 꼭짓점 수는 한 단계마다 1씩 증가하고, 연결 간격은 두 항마다 1씩 증가합니다. 따라서 12개의 꼭짓점을 5칸 간격으로 잇는 별이 정답입니다. 검산: 꼭짓점 수와 내부 연결 규칙이 동시에 이어지는지 검산합니다."
T03-12,2,T03,별 다각형 순서·연결,4,T03-12-O4,4,52558ee9f14630173630d790ff6756e404be86b96263edc948cc7d7326cff473,"규칙: 꼭짓점 수의 변화와 내부 연결 방식을 각각 수열로 추적합니다. 적용: 꼭짓점 수는 한 단계마다 1씩 증가하고, 연결 간격은 두 항마다 1씩 증가합니다. 따라서 9개의 꼭짓점을 4칸 간격으로 잇는 별이 정답입니다. 검산: 꼭짓점 수와 내부 연결 규칙이 동시에 이어지는지 검산합니다."
T03-13,2,T03,별 다각형 순서·연결,5,T03-13-O6,6,2898d75ac9c4f7c174369786559bc8e2e70ac88cd4de50c3834193ed82707893,"규칙: 꼭짓점 수의 변화와 내부 연결 방식을 각각 수열로 추적합니다. 적용: 꼭짓점 수는 한 단계마다 1씩 증가하고, 연결 간격은 두 항마다 1씩 증가합니다. 따라서 11개의 꼭짓점을 5칸 간격으로 잇는 별이 정답입니다. 검산: 꼭짓점 수와 내부 연결 규칙이 동시에 이어지는지 검산합니다."
T03-15,2,T03,별 다각형 순서·연결,5,T03-15-O4,4,341fe7ed62cad715cc661ca7a6d58a7578d8df7f5f148c5a6b1f70466c67c592,"규칙: 꼭짓점 수의 변화와 내부 연결 방식을 각각 수열로 추적합니다. 적용: 꼭짓점 수는 한 단계마다 1씩 증가하고, 연결 간격은 두 항마다 1씩 증가합니다. 따라서 8개의 꼭짓점을 3칸 간격으로 잇는 별이 정답입니다. 검산: 꼭짓점 수와 내부 연결 규칙이 동시에 이어지는지 검산합니다."
T03-16,4,T03,별 다각형 순서·연결,2,T03-16-O1,1,b525d2ac706b1ba7e31ab54134b2d55c685b26d3cc5ff4f0ecfce9ece394f0a6,"규칙: 꼭짓점 수의 변화와 내부 연결 방식을 각각 수열로 추적합니다. 적용: 꼭짓점 수는 1개씩 늘고, 연결 간격은 2칸·3칸이 번갈아 나타납니다. 따라서 다음 도형은 11개의 꼭짓점과 2칸 연결 규칙을 갖습니다. 검산: 전체 도형의 회전 방향까지 이어지는 보기를 선택합니다."
T03-17,4,T03,별 다각형 순서·연결,4,T03-17-O2,2,fe222006896ef26ee079606b26f246fdefd528c35608ee0bec153ceab0f40037,"규칙: 꼭짓점 수의 변화와 내부 연결 방식을 각각 수열로 추적합니다. 적용: 꼭짓점 수가 1개씩 늘며, 각 도형은 가능한 긴 간격으로 꼭짓점을 연결합니다. 따라서 다음 도형은 10개의 꼭짓점과 4칸 연결 규칙을 갖습니다. 검산: 전체 도형의 회전 방향까지 이어지는 보기를 선택합니다."
T03-18,4,T03,별 다각형 순서·연결,5,T03-18-O3,3,c429b2975fad82bcbfba9db386716f6da510b8c6f219584332892b20e07406fb,"규칙: 꼭짓점 수의 변화와 내부 연결 방식을 각각 수열로 추적합니다. 적용: 꼭짓점 수는 2개씩 늘고, 연결 간격은 두 번씩 유지된 뒤 1씩 증가합니다. 따라서 다음 도형은 13개의 꼭짓점과 4칸 연결 규칙을 갖습니다. 검산: 전체 도형의 회전 방향까지 이어지는 보기를 선택합니다."
T03-19,4,T03,별 다각형 순서·연결,3,T03-19-O4,4,e011051788119db5b9ba7295b41d9e82e2e9c5b5022c09f41a5ea922881e3383,"규칙: 꼭짓점 수의 변화와 내부 연결 방식을 각각 수열로 추적합니다. 적용: 꼭짓점 수는 1개씩 늘고, 연결 간격은 2칸·3칸이 번갈아 나타납니다. 따라서 다음 도형은 12개의 꼭짓점과 2칸 연결 규칙을 갖습니다. 검산: 전체 도형의 회전 방향까지 이어지는 보기를 선택합니다."
T03-20,4,T03,별 다각형 순서·연결,4,T03-20-O5,5,427068b6cd898ce1d64fc7c1d41d0685e91b145812b2a51fb3a97dc8e9afb027,"규칙: 꼭짓점 수의 변화와 내부 연결 방식을 각각 수열로 추적합니다. 적용: 꼭짓점 수가 1개씩 늘며, 각 도형은 가능한 긴 간격으로 꼭짓점을 연결합니다. 따라서 다음 도형은 10개의 꼭짓점과 4칸 연결 규칙을 갖습니다. 검산: 전체 도형의 회전 방향까지 이어지는 보기를 선택합니다."
T03-21,4,T03,별 다각형 순서·연결,5,T03-21-O6,6,6147cb739ff388bc4381c48410e52949e8b9ff4af70c6dec3ddbb91f3445d70f,"규칙: 꼭짓점 수의 변화와 내부 연결 방식을 각각 수열로 추적합니다. 적용: 꼭짓점 수는 2개씩 늘고, 연결 간격은 두 번씩 유지된 뒤 1씩 증가합니다. 따라서 다음 도형은 13개의 꼭짓점과 4칸 연결 규칙을 갖습니다. 검산: 전체 도형의 회전 방향까지 이어지는 보기를 선택합니다."
T03-22,4,T03,별 다각형 순서·연결,2,T03-22-O1,1,2f501cf5c759066aeb43305ac93e7e0f602f93607258fe91ccd31f0b6130a44e,"규칙: 꼭짓점 수의 변화와 내부 연결 방식을 각각 수열로 추적합니다. 적용: 꼭짓점 수는 1개씩 늘고, 연결 간격은 2칸·3칸이 번갈아 나타납니다. 따라서 다음 도형은 11개의 꼭짓점과 2칸 연결 규칙을 갖습니다. 검산: 전체 도형의 회전 방향까지 이어지는 보기를 선택합니다."
T03-23,4,T03,별 다각형 순서·연결,4,T03-23-O2,2,68370bf63f19404e9931a3b85fa41b3a349db3a15a19f233025195ba12e0f315,"규칙: 꼭짓점 수의 변화와 내부 연결 방식을 각각 수열로 추적합니다. 적용: 꼭짓점 수가 1개씩 늘며, 각 도형은 가능한 긴 간격으로 꼭짓점을 연결합니다. 따라서 다음 도형은 10개의 꼭짓점과 4칸 연결 규칙을 갖습니다. 검산: 전체 도형의 회전 방향까지 이어지는 보기를 선택합니다."
T03-24,4,T03,별 다각형 순서·연결,5,T03-24-O3,3,cc9f5a2fc6cff75774504a6cff88b341b61913f77c3b092b073cc45df5e6c0d0,"규칙: 꼭짓점 수의 변화와 내부 연결 방식을 각각 수열로 추적합니다. 적용: 꼭짓점 수는 2개씩 늘고, 연결 간격은 두 번씩 유지된 뒤 1씩 증가합니다. 따라서 다음 도형은 13개의 꼭짓점과 4칸 연결 규칙을 갖습니다. 검산: 전체 도형의 회전 방향까지 이어지는 보기를 선택합니다."
T03-25,4,T03,별 다각형 순서·연결,3,T03-25-O4,4,60ecfc451237d94ac0c18da766f2573aa76b826f02cc0ac2d5b880f05e3ecc7f,"규칙: 꼭짓점 수의 변화와 내부 연결 방식을 각각 수열로 추적합니다. 적용: 꼭짓점 수는 1개씩 늘고, 연결 간격은 2칸·3칸이 번갈아 나타납니다. 따라서 다음 도형은 12개의 꼭짓점과 2칸 연결 규칙을 갖습니다. 검산: 전체 도형의 회전 방향까지 이어지는 보기를 선택합니다."
T03-26,4,T03,별 다각형 순서·연결,4,T03-26-O5,5,b501853b543095fac419c9f2f787d5355db0bee2b5a6f2136122d29144228ddc,"규칙: 꼭짓점 수의 변화와 내부 연결 방식을 각각 수열로 추적합니다. 적용: 꼭짓점 수가 1개씩 늘며, 각 도형은 가능한 긴 간격으로 꼭짓점을 연결합니다. 따라서 다음 도형은 10개의 꼭짓점과 4칸 연결 규칙을 갖습니다. 검산: 전체 도형의 회전 방향까지 이어지는 보기를 선택합니다."
T03-27,4,T03,별 다각형 순서·연결,5,T03-27-O6,6,bf1fd26a0a79e0f4ce32574a8dd87a139f1503cc7182bb18f6b00866427c18a9,"규칙: 꼭짓점 수의 변화와 내부 연결 방식을 각각 수열로 추적합니다. 적용: 꼭짓점 수는 2개씩 늘고, 연결 간격은 두 번씩 유지된 뒤 1씩 증가합니다. 따라서 다음 도형은 13개의 꼭짓점과 4칸 연결 규칙을 갖습니다. 검산: 전체 도형의 회전 방향까지 이어지는 보기를 선택합니다."
T04-01,3,T04,선분 XOR·대칭차,2,T04-01-O5,5,28768b9ff5a95c0b53a5b87215964bc4a67527cbf7b8d275938543905fa97376,"규칙: XOR에서는 두 입력에 공통인 선분을 지우고 한쪽에만 있는 선분을 남깁니다. 적용: 두 그림에 동시에 있는 선분은 사라지고, 한쪽에만 있는 선분만 남습니다. 각 선분을 가로·세로·두 대각선으로 나눠 비교하면 됩니다. 검산: 합집합처럼 공통 선분을 남기지 않았는지 검산합니다."
T04-02,3,T04,선분 XOR·대칭차,2,T04-02-O5,5,28bca6c3046d0e90e59f1ba630b927ee2ed0e35551c938a5fa96f6ad48d5249e,"규칙: XOR에서는 두 입력에 공통인 선분을 지우고 한쪽에만 있는 선분을 남깁니다. 적용: 두 그림에 동시에 있는 선분은 사라지고, 한쪽에만 있는 선분만 남습니다. 각 선분을 가로·세로·두 대각선으로 나눠 비교하면 됩니다. 검산: 합집합처럼 공통 선분을 남기지 않았는지 검산합니다."
T04-03,3,T04,선분 XOR·대칭차,3,T04-03-O3,3,e273567d90ce0434e5e96922183644b0409fe4604a00012d08ae68c29c12f56f,"규칙: XOR에서는 두 입력에 공통인 선분을 지우고 한쪽에만 있는 선분을 남깁니다. 적용: 두 그림에 동시에 있는 선분은 사라지고, 한쪽에만 있는 선분만 남습니다. 각 선분을 가로·세로·두 대각선으로 나눠 비교하면 됩니다. 검산: 합집합처럼 공통 선분을 남기지 않았는지 검산합니다."
T04-04,3,T04,선분 XOR·대칭차,4,T04-04-O6,6,5a2d6fa7bd4da8bf3ce9b7ec77fa51ee7cfbe0694a44ed6f66c55babc1d6cc7a,"규칙: XOR에서는 두 입력에 공통인 선분을 지우고 한쪽에만 있는 선분을 남깁니다. 적용: 두 그림에 동시에 있는 선분은 사라지고, 한쪽에만 있는 선분만 남습니다. 각 선분을 가로·세로·두 대각선으로 나눠 비교하면 됩니다. 검산: 합집합처럼 공통 선분을 남기지 않았는지 검산합니다."
T04-05,3,T04,선분 XOR·대칭차,4,T04-05-O6,6,3251ea5670b81a4ed1fb03e2cb219d24a29650917ae6221d96c887d4630e2f9e,"규칙: XOR에서는 두 입력에 공통인 선분을 지우고 한쪽에만 있는 선분을 남깁니다. 적용: 두 그림에 동시에 있는 선분은 사라지고, 한쪽에만 있는 선분만 남습니다. 각 선분을 가로·세로·두 대각선으로 나눠 비교하면 됩니다. 검산: 합집합처럼 공통 선분을 남기지 않았는지 검산합니다."
T04-06,2,T04,선분 XOR·대칭차,3,T04-06-O4,4,d075afbb3ecb709c6952bbf8413a79e645634f144e37f68e5d4bc5ca4f067433,"규칙: XOR에서는 두 입력에 공통인 선분을 지우고 한쪽에만 있는 선분을 남깁니다. 적용: 마지막 행에서 공통 요소 가운데 가로선, 왼쪽 세로선를 제거하면 왼쪽 아래-오른쪽 위 대각선, 마름모, 외곽 사각형, 작은 원, 가운데 세로선, 오른쪽 세로선만 남습니다. 검산: 합집합처럼 공통 선분을 남기지 않았는지 검산합니다."
T04-07,2,T04,선분 XOR·대칭차,3,T04-07-O6,6,5c4045c501e80ad9e883c5e15ca80e5517e38d88ed1ad87a65f9377ddb35e76b,"규칙: XOR에서는 두 입력에 공통인 선분을 지우고 한쪽에만 있는 선분을 남깁니다. 적용: 마지막 행에서 공통 요소 왼쪽 아래-오른쪽 위 대각선를 제거하면 왼쪽 위-오른쪽 아래 대각선, 마름모, 가운데 가로선, 위쪽 가로선만 남습니다. 검산: 합집합처럼 공통 선분을 남기지 않았는지 검산합니다."
T04-08,2,T04,선분 XOR·대칭차,3,T04-08-O5,5,c0135256d1ff77aa20172c511a64b67095b291cb7362875e595b6cd812b27e51,"규칙: XOR에서는 두 입력에 공통인 선분을 지우고 한쪽에만 있는 선분을 남깁니다. 적용: 마지막 행에서 공통 요소 아래쪽 가로선, 위쪽 가로선를 제거하면 왼쪽 위-오른쪽 아래 대각선, 왼쪽 아래-오른쪽 위 대각선, 가운데 가로선, 가운데 세로선만 남습니다. 검산: 합집합처럼 공통 선분을 남기지 않았는지 검산합니다."
T04-09,2,T04,선분 XOR·대칭차,4,T04-09-O2,2,d6f782ffcc6a904edf0357ea9a2eb14f1f48564eaebeba01d39295ee0970928a,"규칙: XOR에서는 두 입력에 공통인 선분을 지우고 한쪽에만 있는 선분을 남깁니다. 적용: 마지막 행에서 공통 요소 왼쪽 위-오른쪽 아래 대각선, 왼쪽 세로선를 제거하면 가운데 가로선, 위쪽 가로선, 가운데 세로선, 오른쪽 세로선만 남습니다. 검산: 합집합처럼 공통 선분을 남기지 않았는지 검산합니다."
T04-10,2,T04,선분 XOR·대칭차,4,T04-10-O5,5,2ef5c088365f799b3384659fe966f72ef58a07f81609e9cf6bbfcb8e05a5a73e,"규칙: XOR에서는 두 입력에 공통인 선분을 지우고 한쪽에만 있는 선분을 남깁니다. 적용: 마지막 행에서 공통 요소 아래쪽 가로선를 제거하면 왼쪽 아래-오른쪽 위 대각선, 마름모, 가운데 가로선, 외곽 사각형, 가운데 세로선, 오른쪽 세로선만 남습니다. 검산: 합집합처럼 공통 선분을 남기지 않았는지 검산합니다."
T04-11,2,T04,선분 XOR·대칭차,4,T04-11-O1,1,bf8ff72b6e45d230b2ec34e4a35060c2ea51f0ec475bcd37bc86daf3707a3a47,"규칙: XOR에서는 두 입력에 공통인 선분을 지우고 한쪽에만 있는 선분을 남깁니다. 적용: 마지막 행에서 공통 요소 왼쪽 아래-오른쪽 위 대각선를 제거하면 마름모, 가운데 가로선, 왼쪽 세로선, 오른쪽 세로선만 남습니다. 검산: 합집합처럼 공통 선분을 남기지 않았는지 검산합니다."
T04-12,2,T04,선분 XOR·대칭차,4,T04-12-O3,3,d9cc4a126205ad85e602c149fa6e2d677b6c8416dd786ed681bb99d4987d4af7,"규칙: XOR에서는 두 입력에 공통인 선분을 지우고 한쪽에만 있는 선분을 남깁니다. 적용: 마지막 행에서 공통 요소 마름모, 아래쪽 가로선, 외곽 사각형를 제거하면 왼쪽 위-오른쪽 아래 대각선, 왼쪽 아래-오른쪽 위 대각선, 가운데 가로선, 가운데 세로선만 남습니다. 검산: 합집합처럼 공통 선분을 남기지 않았는지 검산합니다."
T04-13,2,T04,선분 XOR·대칭차,5,T04-13-O2,2,9e4eebab4258b8550c265d18a1ed9c158e049497eb1fcb4e579768da885af54c,"규칙: XOR에서는 두 입력에 공통인 선분을 지우고 한쪽에만 있는 선분을 남깁니다. 적용: 마지막 행에서 공통 요소 가운데 세로선, 왼쪽 세로선를 제거하면 마름모, 아래쪽 가로선, 위쪽 가로선, 외곽 사각형, 작은 원, 오른쪽 세로선만 남습니다. 검산: 합집합처럼 공통 선분을 남기지 않았는지 검산합니다."
T04-14,2,T04,선분 XOR·대칭차,5,T04-14-O2,2,3b73d4a29d0b3566f3fa7cb938a2039994ba620a82609b9eb3514f4c01aaac04,"규칙: XOR에서는 두 입력에 공통인 선분을 지우고 한쪽에만 있는 선분을 남깁니다. 적용: 마지막 행에서 공통 요소 왼쪽 아래-오른쪽 위 대각선를 제거하면 가운데 가로선, 위쪽 가로선, 외곽 사각형, 가운데 세로선, 왼쪽 세로선만 남습니다. 검산: 합집합처럼 공통 선분을 남기지 않았는지 검산합니다."
T04-15,2,T04,선분 XOR·대칭차,5,T04-15-O5,5,06c13a2a7b8f90e4ab5c1ff914607cd2d149769d88677d563b392e8b7ac072fe,"규칙: XOR에서는 두 입력에 공통인 선분을 지우고 한쪽에만 있는 선분을 남깁니다. 적용: 마지막 행에서 공통 요소 위쪽 가로선, 가운데 세로선를 제거하면 왼쪽 아래-오른쪽 위 대각선, 외곽 사각형, 작은 원, 왼쪽 세로선만 남습니다. 검산: 합집합처럼 공통 선분을 남기지 않았는지 검산합니다."
T04-16,4,T04,선분 XOR·대칭차,2,T04-16-O1,1,e8c13df52da03688edcc5841d8f85695227bec991e20722a2c10d9d67777456d,"규칙: XOR에서는 두 입력에 공통인 선분을 지우고 한쪽에만 있는 선분을 남깁니다. 적용: XOR(대칭차) 규칙이므로 두 그림에 모두 있는 선분은 지우고, 한쪽에만 있는 선분은 남깁니다. 검산: 한쪽에만 있던 선분이 모두 남았는지 확인합니다."
T04-17,4,T04,선분 XOR·대칭차,4,T04-17-O2,2,4ae3c23e1842080a87e4071c45d0ed2ec2f1c0ba9498a651c2dacb1c856460dd,"규칙: XOR에서는 두 입력에 공통인 선분을 지우고 한쪽에만 있는 선분을 남깁니다. 적용: XOR(대칭차) 규칙이므로 두 그림에 모두 있는 선분은 지우고, 한쪽에만 있는 선분은 남깁니다. 검산: 한쪽에만 있던 선분이 모두 남았는지 확인합니다."
T04-18,4,T04,선분 XOR·대칭차,5,T04-18-O3,3,8c646c9ac1d5d43e6629c13802d23db4ddad913a35cceaa95af99a0ca00a22cd,"규칙: XOR에서는 두 입력에 공통인 선분을 지우고 한쪽에만 있는 선분을 남깁니다. 적용: XOR(대칭차) 규칙이므로 두 그림에 모두 있는 선분은 지우고, 한쪽에만 있는 선분은 남깁니다. 검산: 한쪽에만 있던 선분이 모두 남았는지 확인합니다."
T04-19,4,T04,선분 XOR·대칭차,3,T04-19-O4,4,2b54549dd910c29ce847f528ae794005493e12b6ebf421582fd33a42be0512a6,"규칙: XOR에서는 두 입력에 공통인 선분을 지우고 한쪽에만 있는 선분을 남깁니다. 적용: XOR(대칭차) 규칙이므로 두 그림에 모두 있는 선분은 지우고, 한쪽에만 있는 선분은 남깁니다. 검산: 한쪽에만 있던 선분이 모두 남았는지 확인합니다."
T04-20,4,T04,선분 XOR·대칭차,4,T04-20-O5,5,14544921e849e02c19ddcfad7a429f640a3ce6afff7cc813b187748b32417052,"규칙: XOR에서는 두 입력에 공통인 선분을 지우고 한쪽에만 있는 선분을 남깁니다. 적용: XOR(대칭차) 규칙이므로 두 그림에 모두 있는 선분은 지우고, 한쪽에만 있는 선분은 남깁니다. 검산: 한쪽에만 있던 선분이 모두 남았는지 확인합니다."
T04-21,4,T04,선분 XOR·대칭차,5,T04-21-O6,6,8ae4079c2f2f05a780fadea0349b0aceed83e354e4e801c1ee770a5cccd41a21,"규칙: XOR에서는 두 입력에 공통인 선분을 지우고 한쪽에만 있는 선분을 남깁니다. 적용: XOR(대칭차) 규칙이므로 두 그림에 모두 있는 선분은 지우고, 한쪽에만 있는 선분은 남깁니다. 검산: 한쪽에만 있던 선분이 모두 남았는지 확인합니다."
T04-22,4,T04,선분 XOR·대칭차,2,T04-22-O1,1,2e6eaaef0520636be4797634049dd64e1b8c23f5e101a9b5649338dab8aec275,"규칙: XOR에서는 두 입력에 공통인 선분을 지우고 한쪽에만 있는 선분을 남깁니다. 적용: XOR(대칭차) 규칙이므로 두 그림에 모두 있는 선분은 지우고, 한쪽에만 있는 선분은 남깁니다. 검산: 한쪽에만 있던 선분이 모두 남았는지 확인합니다."
T04-23,4,T04,선분 XOR·대칭차,4,T04-23-O2,2,91b4117a74023fa6a595ce942a02398b134db1a9c66c9666e7dd273f472d6a6c,"규칙: XOR에서는 두 입력에 공통인 선분을 지우고 한쪽에만 있는 선분을 남깁니다. 적용: XOR(대칭차) 규칙이므로 두 그림에 모두 있는 선분은 지우고, 한쪽에만 있는 선분은 남깁니다. 검산: 한쪽에만 있던 선분이 모두 남았는지 확인합니다."
T04-24,4,T04,선분 XOR·대칭차,5,T04-24-O3,3,3a3fb06902b64b1fbc6334f09df204c036e349d3a9fb43bb9b85cde98c4f837e,"규칙: XOR에서는 두 입력에 공통인 선분을 지우고 한쪽에만 있는 선분을 남깁니다. 적용: XOR(대칭차) 규칙이므로 두 그림에 모두 있는 선분은 지우고, 한쪽에만 있는 선분은 남깁니다. 검산: 한쪽에만 있던 선분이 모두 남았는지 확인합니다."
T04-25,4,T04,선분 XOR·대칭차,3,T04-25-O4,4,de29959deb532a2a7ea66eac635f855c57f09ba4e4e501877ba9ac718d45b115,"규칙: XOR에서는 두 입력에 공통인 선분을 지우고 한쪽에만 있는 선분을 남깁니다. 적용: XOR(대칭차) 규칙이므로 두 그림에 모두 있는 선분은 지우고, 한쪽에만 있는 선분은 남깁니다. 검산: 한쪽에만 있던 선분이 모두 남았는지 확인합니다."
T04-26,4,T04,선분 XOR·대칭차,4,T04-26-O5,5,1d3ab354a22fada9bdd60e83cb4255d56cff6cd2ffb060fae5056dddcaa84062,"규칙: XOR에서는 두 입력에 공통인 선분을 지우고 한쪽에만 있는 선분을 남깁니다. 적용: XOR(대칭차) 규칙이므로 두 그림에 모두 있는 선분은 지우고, 한쪽에만 있는 선분은 남깁니다. 검산: 한쪽에만 있던 선분이 모두 남았는지 확인합니다."
T04-27,4,T04,선분 XOR·대칭차,5,T04-27-O6,6,de8561b4bc49c887f7effd29992ee6d5319ebf22446e4a12a7ca74eeacb809aa,"규칙: XOR에서는 두 입력에 공통인 선분을 지우고 한쪽에만 있는 선분을 남깁니다. 적용: XOR(대칭차) 규칙이므로 두 그림에 모두 있는 선분은 지우고, 한쪽에만 있는 선분은 남깁니다. 검산: 한쪽에만 있던 선분이 모두 남았는지 확인합니다."
T05-01,3,T05,두 색 선분 개수 순환,2,T05-01-O3,3,d20ae36b2c649a0948e5a46b51a8dccbd8a3a1e217a942809bed03cb2421728a,"규칙: 가로선과 세로선의 개수 주기를 서로 독립적으로 추적합니다. 적용: 세 가지 상태가 행과 열에서 한 칸씩 순환합니다. 빈칸의 상태는 검은 가로선 3개, 빨간 세로선 1개입니다. 검산: 두 색 또는 두 방향의 개수를 각각 다시 셉니다."
T05-02,3,T05,두 색 선분 개수 순환,2,T05-02-O1,1,967708c1d4c73cb123b397d5d20e6686e4b3879b72d6845e12d748f88e42360d,"규칙: 가로선과 세로선의 개수 주기를 서로 독립적으로 추적합니다. 적용: 세 가지 상태가 행과 열에서 한 칸씩 순환합니다. 빈칸의 상태는 검은 가로선 3개, 빨간 세로선 2개입니다. 검산: 두 색 또는 두 방향의 개수를 각각 다시 셉니다."
T05-03,3,T05,두 색 선분 개수 순환,3,T05-03-O2,2,b94879961a28b3034c284c678222e45473f82d79ad7839bf17e50df0f859282b,"규칙: 가로선과 세로선의 개수 주기를 서로 독립적으로 추적합니다. 적용: 세 가지 상태가 행과 열에서 한 칸씩 순환합니다. 빈칸의 상태는 검은 가로선 1개, 빨간 세로선 2개입니다. 검산: 두 색 또는 두 방향의 개수를 각각 다시 셉니다."
T05-04,3,T05,두 색 선분 개수 순환,4,T05-04-O3,3,d5fb433da75ebcbec3135be4a1223b41855ecb3987e32af4f153d7bbf121541b,"규칙: 가로선과 세로선의 개수 주기를 서로 독립적으로 추적합니다. 적용: 세 가지 상태가 행과 열에서 한 칸씩 순환합니다. 빈칸의 상태는 검은 가로선 3개, 빨간 세로선 1개입니다. 검산: 두 색 또는 두 방향의 개수를 각각 다시 셉니다."
T05-05,3,T05,두 색 선분 개수 순환,4,T05-05-O1,1,61354d829c88912c8e2244202aae86937e061ffcecb048bb5cb1407b76e8c4f0,"규칙: 가로선과 세로선의 개수 주기를 서로 독립적으로 추적합니다. 적용: 세 가지 상태가 행과 열에서 한 칸씩 순환합니다. 빈칸의 상태는 검은 가로선 0개, 빨간 세로선 3개입니다. 검산: 두 색 또는 두 방향의 개수를 각각 다시 셉니다."
T05-06,2,T05,두 색 선분 개수 순환,3,T05-06-O4,4,bbf30cd4e3ece25c75311f1c27726d7b10235fdbac8a2e96d72e445ec9a7c263,"규칙: 가로선과 세로선의 개수 주기를 서로 독립적으로 추적합니다. 적용: 이 배열의 상태는 (4,1)→(3,2)→(2,3)→(1,4)의 순환입니다. 빈칸은 검은 가로선 2개, 빨간 세로선 3개입니다. 검산: 두 색 또는 두 방향의 개수를 각각 다시 셉니다."
T05-07,2,T05,두 색 선분 개수 순환,3,T05-07-O6,6,006d3cf81f5282c53c71d610236c0dc8520690c5ba766ba90babf63faf139021,"규칙: 가로선과 세로선의 개수 주기를 서로 독립적으로 추적합니다. 적용: 이 배열의 상태는 (4,1)→(3,2)→(2,3)→(1,4)의 순환입니다. 빈칸은 검은 가로선 1개, 빨간 세로선 4개입니다. 검산: 두 색 또는 두 방향의 개수를 각각 다시 셉니다."
T05-08,2,T05,두 색 선분 개수 순환,3,T05-08-O1,1,a35798904e35212fb5ad464e7f79920d79ad890aa2fcbd4d955a820c92c077f9,"규칙: 가로선과 세로선의 개수 주기를 서로 독립적으로 추적합니다. 적용: 이 배열의 상태는 (4,1)→(3,2)→(2,3)→(1,4)의 순환입니다. 빈칸은 검은 가로선 4개, 빨간 세로선 1개입니다. 검산: 두 색 또는 두 방향의 개수를 각각 다시 셉니다."
T05-09,2,T05,두 색 선분 개수 순환,4,T05-09-O5,5,c4ba927495f1904199ec2fb540d1f796a704f431400ce3d3d390eebaf9b149cb,"규칙: 가로선과 세로선의 개수 주기를 서로 독립적으로 추적합니다. 적용: 이 배열의 상태는 (4,1)→(3,2)→(2,3)→(1,4)의 순환입니다. 빈칸은 검은 가로선 2개, 빨간 세로선 3개입니다. 검산: 두 색 또는 두 방향의 개수를 각각 다시 셉니다."
T05-10,2,T05,두 색 선분 개수 순환,4,T05-10-O4,4,ddcfc1c1fe6db069c5c2805384ed33627354901523fb66439b2b3dd307e744d8,"규칙: 가로선과 세로선의 개수 주기를 서로 독립적으로 추적합니다. 적용: 이 배열의 상태는 (4,1)→(3,2)→(2,3)→(1,4)의 순환입니다. 빈칸은 검은 가로선 2개, 빨간 세로선 3개입니다. 검산: 두 색 또는 두 방향의 개수를 각각 다시 셉니다."
T05-11,2,T05,두 색 선분 개수 순환,4,T05-11-O6,6,14ebad4d4de94a7c6b25eab363b8431e90b640b92af17b0cf3c20497c09b7593,"규칙: 가로선과 세로선의 개수 주기를 서로 독립적으로 추적합니다. 적용: 이 배열의 상태는 (4,1)→(3,2)→(2,3)→(1,4)의 순환입니다. 빈칸은 검은 가로선 4개, 빨간 세로선 1개입니다. 검산: 두 색 또는 두 방향의 개수를 각각 다시 셉니다."
T05-12,2,T05,두 색 선분 개수 순환,4,T05-12-O4,4,941b119e7a505f5cd90ca155a9c932670ecceaa90c48edad1d4c7c7bec673912,"규칙: 가로선과 세로선의 개수 주기를 서로 독립적으로 추적합니다. 적용: 이 배열의 상태는 (4,1)→(3,2)→(2,3)→(1,4)의 순환입니다. 빈칸은 검은 가로선 4개, 빨간 세로선 1개입니다. 검산: 두 색 또는 두 방향의 개수를 각각 다시 셉니다."
T05-13,2,T05,두 색 선분 개수 순환,5,T05-13-O6,6,e5020be306839534381837d2116ff0553166da06a75c0ef045deeb283a6069a7,"규칙: 가로선과 세로선의 개수 주기를 서로 독립적으로 추적합니다. 적용: 이 배열의 상태는 (4,1)→(3,2)→(2,3)→(1,4)의 순환입니다. 빈칸은 검은 가로선 2개, 빨간 세로선 3개입니다. 검산: 두 색 또는 두 방향의 개수를 각각 다시 셉니다."
T05-14,2,T05,두 색 선분 개수 순환,5,T05-14-O2,2,051a07b25110d6de09fa5e678410a384b8cfee81adf66c1a6584ff02bc1c2de3,"규칙: 가로선과 세로선의 개수 주기를 서로 독립적으로 추적합니다. 적용: 이 배열의 상태는 (4,1)→(3,2)→(2,3)→(1,4)의 순환입니다. 빈칸은 검은 가로선 4개, 빨간 세로선 1개입니다. 검산: 두 색 또는 두 방향의 개수를 각각 다시 셉니다."
T05-15,2,T05,두 색 선분 개수 순환,5,T05-15-O1,1,c3744ebe2e2c2f1bfe7ef5d20c4a07b80f9ae9fa5474961623d28aedeecc835e,"규칙: 가로선과 세로선의 개수 주기를 서로 독립적으로 추적합니다. 적용: 이 배열의 상태는 (4,1)→(3,2)→(2,3)→(1,4)의 순환입니다. 빈칸은 검은 가로선 4개, 빨간 세로선 1개입니다. 검산: 두 색 또는 두 방향의 개수를 각각 다시 셉니다."
T05-16,4,T05,두 색 선분 개수 순환,2,T05-16-O1,1,52f74f5b69f486f990c97d21ce1c19b16b7fef86d3416f7fe2e44707fd1f0520,"규칙: 가로선과 세로선의 개수 주기를 서로 독립적으로 추적합니다. 적용: 파란 세로선은 행·열에서 1, 2, 3이 한 번씩 나오고, 주황 가로선도 별도의 순환을 이룹니다. 빈칸은 파란선 2개, 주황선 3개입니다. 검산: 두 결과를 합치면 (2, 3) 조합입니다."
T05-17,4,T05,두 색 선분 개수 순환,4,T05-17-O2,2,06f6df45de1fcb71672f82aff96d3762c14dd62f87be272c13a6561441f3ec77,"규칙: 가로선과 세로선의 개수 주기를 서로 독립적으로 추적합니다. 적용: 파란 세로선은 행·열에서 1, 2, 3이 한 번씩 나오고, 주황 가로선도 별도의 순환을 이룹니다. 빈칸은 파란선 1개, 주황선 1개입니다. 검산: 두 결과를 합치면 (1, 1) 조합입니다."
T05-18,4,T05,두 색 선분 개수 순환,5,T05-18-O3,3,14ca60f465f6888ce7ce8ca20ea04b325d5b211b7ef96532d56b56818f0c9f97,"규칙: 가로선과 세로선의 개수 주기를 서로 독립적으로 추적합니다. 적용: 파란 세로선은 행·열에서 1, 2, 3이 한 번씩 나오고, 주황 가로선도 별도의 순환을 이룹니다. 빈칸은 파란선 3개, 주황선 2개입니다. 검산: 두 결과를 합치면 (3, 2) 조합입니다."
T05-19,4,T05,두 색 선분 개수 순환,3,T05-19-O4,4,17b3b87ae1ab993621da4e4e4043a27d76fc3c24942a8a6a817423b35fd99fc8,"규칙: 가로선과 세로선의 개수 주기를 서로 독립적으로 추적합니다. 적용: 파란 세로선은 행·열에서 1, 2, 3이 한 번씩 나오고, 주황 가로선도 별도의 순환을 이룹니다. 빈칸은 파란선 3개, 주황선 2개입니다. 검산: 두 결과를 합치면 (3, 2) 조합입니다."
T05-20,4,T05,두 색 선분 개수 순환,4,T05-20-O5,5,5f1a47f1d62c127b51e6b222bbf15c6372d703fd3a308e2e2fc8c0fe36a05daa,"규칙: 가로선과 세로선의 개수 주기를 서로 독립적으로 추적합니다. 적용: 파란 세로선은 행·열에서 1, 2, 3이 한 번씩 나오고, 주황 가로선도 별도의 순환을 이룹니다. 빈칸은 파란선 3개, 주황선 1개입니다. 검산: 두 결과를 합치면 (3, 1) 조합입니다."
T05-21,4,T05,두 색 선분 개수 순환,5,T05-21-O6,6,ef828f34eb2321119415c36fa4bd35dfc555e4d6cf982d7968d317fe6ad34a70,"규칙: 가로선과 세로선의 개수 주기를 서로 독립적으로 추적합니다. 적용: 파란 세로선은 행·열에서 1, 2, 3이 한 번씩 나오고, 주황 가로선도 별도의 순환을 이룹니다. 빈칸은 파란선 3개, 주황선 3개입니다. 검산: 두 결과를 합치면 (3, 3) 조합입니다."
T05-22,4,T05,두 색 선분 개수 순환,2,T05-22-O1,1,6ddfe5f561faefe84e22cb48d02861dcfc5a14683991313b46b81e16e26b4f45,"규칙: 가로선과 세로선의 개수 주기를 서로 독립적으로 추적합니다. 적용: 파란 세로선은 행·열에서 1, 2, 3이 한 번씩 나오고, 주황 가로선도 별도의 순환을 이룹니다. 빈칸은 파란선 2개, 주황선 2개입니다. 검산: 두 결과를 합치면 (2, 2) 조합입니다."
T05-23,4,T05,두 색 선분 개수 순환,4,T05-23-O2,2,da1d7f95d02409d2aa7ee01c199793f87846b7a37824e9fde5f9bb1fc4ffb1c2,"규칙: 가로선과 세로선의 개수 주기를 서로 독립적으로 추적합니다. 적용: 파란 세로선은 행·열에서 1, 2, 3이 한 번씩 나오고, 주황 가로선도 별도의 순환을 이룹니다. 빈칸은 파란선 2개, 주황선 1개입니다. 검산: 두 결과를 합치면 (2, 1) 조합입니다."
T05-24,4,T05,두 색 선분 개수 순환,5,T05-24-O3,3,1c67b02c6dcdca2c3dfcf9011d96b30532997bffdf15775d5d83017a5d3630d2,"규칙: 가로선과 세로선의 개수 주기를 서로 독립적으로 추적합니다. 적용: 파란 세로선은 행·열에서 1, 2, 3이 한 번씩 나오고, 주황 가로선도 별도의 순환을 이룹니다. 빈칸은 파란선 2개, 주황선 3개입니다. 검산: 두 결과를 합치면 (2, 3) 조합입니다."
T05-25,4,T05,두 색 선분 개수 순환,3,T05-25-O4,4,fcff5c1c06fdb10fd752f5fa6f2053d0a097c29315fad640cc375796885980ce,"규칙: 가로선과 세로선의 개수 주기를 서로 독립적으로 추적합니다. 적용: 파란 세로선은 행·열에서 1, 2, 3이 한 번씩 나오고, 주황 가로선도 별도의 순환을 이룹니다. 빈칸은 파란선 2개, 주황선 2개입니다. 검산: 두 결과를 합치면 (2, 2) 조합입니다."
T05-26,4,T05,두 색 선분 개수 순환,4,T05-26-O5,5,1e7e8943cc9ea531d286976f5bd768181739e236e50f2ec8d6707e0eb259892d,"규칙: 가로선과 세로선의 개수 주기를 서로 독립적으로 추적합니다. 적용: 파란 세로선은 행·열에서 1, 2, 3이 한 번씩 나오고, 주황 가로선도 별도의 순환을 이룹니다. 빈칸은 파란선 1개, 주황선 1개입니다. 검산: 두 결과를 합치면 (1, 1) 조합입니다."
T05-27,4,T05,두 색 선분 개수 순환,5,T05-27-O6,6,87594961d58450ea6f241f8e2d20e301def42e88530ec4894418407463c137c7,"규칙: 가로선과 세로선의 개수 주기를 서로 독립적으로 추적합니다. 적용: 파란 세로선은 행·열에서 1, 2, 3이 한 번씩 나오고, 주황 가로선도 별도의 순환을 이룹니다. 빈칸은 파란선 3개, 주황선 2개입니다. 검산: 두 결과를 합치면 (3, 2) 조합입니다."
T06-01,3,T06,둘레 위치 이동+선분 회전,3,T06-01-O4,4,2ee794ab76954ed3fd526f26b8c4a297e4e138feac2b8cae74aad66cd14e0267,"규칙: 검은 원의 둘레 이동과 짧은 선분의 회전을 서로 다른 규칙으로 적용합니다. 적용: 검은 원은 둘레 8개 위치에서 매번 1칸씩 이동하고, 선분은 네 위치를 매번 반시계 방향으로 이동합니다. 두 규칙을 따로 적용한 조합이 정답입니다. 검산: 원 위치와 선분 방향이 모두 맞는지 검산합니다."
T06-02,3,T06,둘레 위치 이동+선분 회전,3,T06-02-O1,1,28913aef2d190205fb0c5d9b4620039b61e5445573facdfe6846188c7da2baa2,"규칙: 검은 원의 둘레 이동과 짧은 선분의 회전을 서로 다른 규칙으로 적용합니다. 적용: 검은 원은 둘레 8개 위치에서 매번 1칸씩 이동하고, 선분은 네 위치를 매번 시계 방향으로 이동합니다. 두 규칙을 따로 적용한 조합이 정답입니다. 검산: 원 위치와 선분 방향이 모두 맞는지 검산합니다."
T06-03,3,T06,둘레 위치 이동+선분 회전,4,T06-03-O2,2,db50203f1539cc91f6e3d21d5866108e4e6660f2fd9ab7cee0ed2a733cd79023,"규칙: 검은 원의 둘레 이동과 짧은 선분의 회전을 서로 다른 규칙으로 적용합니다. 적용: 검은 원은 둘레 8개 위치에서 매번 3칸씩 이동하고, 선분은 네 위치를 매번 반시계 방향으로 이동합니다. 두 규칙을 따로 적용한 조합이 정답입니다. 검산: 원 위치와 선분 방향이 모두 맞는지 검산합니다."
T06-04,3,T06,둘레 위치 이동+선분 회전,5,T06-04-O6,6,a8279a095121100c214d1280cde4806caf56113562b1b0aef956eefc99c95e00,"규칙: 검은 원의 둘레 이동과 짧은 선분의 회전을 서로 다른 규칙으로 적용합니다. 적용: 검은 원은 둘레 8개 위치에서 매번 2칸씩 이동하고, 선분은 네 위치를 매번 시계 방향으로 이동합니다. 두 규칙을 따로 적용한 조합이 정답입니다. 검산: 원 위치와 선분 방향이 모두 맞는지 검산합니다."
T06-05,3,T06,둘레 위치 이동+선분 회전,5,T06-05-O1,1,ba0d5b5b0b1c729f65250bb8b66efe8c6c70aa64b395225cf49cfe3121905411,"규칙: 검은 원의 둘레 이동과 짧은 선분의 회전을 서로 다른 규칙으로 적용합니다. 적용: 검은 원은 둘레 8개 위치에서 매번 3칸씩 이동하고, 선분은 네 위치를 매번 시계 방향으로 이동합니다. 두 규칙을 따로 적용한 조합이 정답입니다. 검산: 원 위치와 선분 방향이 모두 맞는지 검산합니다."
T06-06,2,T06,둘레 위치 이동+선분 회전,4,T06-06-O3,3,13fb1e657ad273fb7410aa7ba4a84550b9aeb7b662c4bf488ccc5365106096da,"규칙: 검은 원의 둘레 이동과 짧은 선분의 회전을 서로 다른 규칙으로 적용합니다. 적용: 검은 원은 둘레에서 +1, +2칸을 번갈아 이동하고, 선분은 매번 +45° 회전합니다. 다음 위치와 각도를 함께 적용한 보기가 정답입니다. 검산: 원 위치와 선분 방향이 모두 맞는지 검산합니다."
T06-07,2,T06,둘레 위치 이동+선분 회전,4,T06-07-O3,3,9467fc88bf93222bef5af89e4bc8e441ed3d895153d30eb64a523f0375e632c8,"규칙: 검은 원의 둘레 이동과 짧은 선분의 회전을 서로 다른 규칙으로 적용합니다. 적용: 검은 원은 둘레에서 +2, +1칸을 번갈아 이동하고, 선분은 매번 -45° 회전합니다. 다음 위치와 각도를 함께 적용한 보기가 정답입니다. 검산: 원 위치와 선분 방향이 모두 맞는지 검산합니다."
T06-08,2,T06,둘레 위치 이동+선분 회전,4,T06-08-O5,5,0482a18d93ac09c2d64e4151eaeb938d80286aecdf64f2878e25798b90eb52c3,"규칙: 검은 원의 둘레 이동과 짧은 선분의 회전을 서로 다른 규칙으로 적용합니다. 적용: 검은 원은 둘레에서 +1, +3칸을 번갈아 이동하고, 선분은 매번 +90° 회전합니다. 다음 위치와 각도를 함께 적용한 보기가 정답입니다. 검산: 원 위치와 선분 방향이 모두 맞는지 검산합니다."
T06-09,2,T06,둘레 위치 이동+선분 회전,5,T06-09-O3,3,3ed106c3c7b0a520f6a703f152056de17c90e1b8912932fdddce054b41a9a8cc,"규칙: 검은 원의 둘레 이동과 짧은 선분의 회전을 서로 다른 규칙으로 적용합니다. 적용: 검은 원은 둘레에서 +3, +1칸을 번갈아 이동하고, 선분은 매번 -90° 회전합니다. 다음 위치와 각도를 함께 적용한 보기가 정답입니다. 검산: 원 위치와 선분 방향이 모두 맞는지 검산합니다."
T06-10,2,T06,둘레 위치 이동+선분 회전,5,T06-10-O6,6,b2163432ccaae48b71d01c0884a6aacf968ae1c0122bc6fd2496d7e1b6a781d2,"규칙: 검은 원의 둘레 이동과 짧은 선분의 회전을 서로 다른 규칙으로 적용합니다. 적용: 검은 원은 둘레에서 +2, +3칸을 번갈아 이동하고, 선분은 매번 +45° 회전합니다. 다음 위치와 각도를 함께 적용한 보기가 정답입니다. 검산: 원 위치와 선분 방향이 모두 맞는지 검산합니다."
T06-11,2,T06,둘레 위치 이동+선분 회전,5,T06-11-O3,3,90aab9ca007ceb5b8a30dc6d77f9778008c2d3a515650945766e9d05e78306bd,"규칙: 검은 원의 둘레 이동과 짧은 선분의 회전을 서로 다른 규칙으로 적용합니다. 적용: 검은 원은 둘레에서 +3, +2칸을 번갈아 이동하고, 선분은 매번 +135° 회전합니다. 다음 위치와 각도를 함께 적용한 보기가 정답입니다. 검산: 원 위치와 선분 방향이 모두 맞는지 검산합니다."
T06-12,2,T06,둘레 위치 이동+선분 회전,5,T06-12-O6,6,ae8e8e0e6f58c453b980c1c33f82673b0f5441fdf80ab233c255c497f37ab95a,"규칙: 검은 원의 둘레 이동과 짧은 선분의 회전을 서로 다른 규칙으로 적용합니다. 적용: 검은 원은 둘레에서 +1, +2칸을 번갈아 이동하고, 선분은 매번 -90° 회전합니다. 다음 위치와 각도를 함께 적용한 보기가 정답입니다. 검산: 원 위치와 선분 방향이 모두 맞는지 검산합니다."
T06-13,2,T06,둘레 위치 이동+선분 회전,5,T06-13-O4,4,cb948b3efcbf160fba6d86de6e851828daf77d6fe3906239482c78a5647fb392,"규칙: 검은 원의 둘레 이동과 짧은 선분의 회전을 서로 다른 규칙으로 적용합니다. 적용: 검은 원은 둘레에서 +2, +1칸을 번갈아 이동하고, 선분은 매번 +135° 회전합니다. 다음 위치와 각도를 함께 적용한 보기가 정답입니다. 검산: 원 위치와 선분 방향이 모두 맞는지 검산합니다."
T06-14,2,T06,둘레 위치 이동+선분 회전,5,T06-14-O2,2,5ce79da2576cc540ea7d649fa6bd8f649dd00e2cb1f1a1f318abb374f8846691,"규칙: 검은 원의 둘레 이동과 짧은 선분의 회전을 서로 다른 규칙으로 적용합니다. 적용: 검은 원은 둘레에서 +1, +3칸을 번갈아 이동하고, 선분은 매번 -135° 회전합니다. 다음 위치와 각도를 함께 적용한 보기가 정답입니다. 검산: 원 위치와 선분 방향이 모두 맞는지 검산합니다."
T06-15,2,T06,둘레 위치 이동+선분 회전,5,T06-15-O6,6,d7dae22f10e8455ca58b70fb35627957ce3ca3626fa414b9e843a1540aaca233,"규칙: 검은 원의 둘레 이동과 짧은 선분의 회전을 서로 다른 규칙으로 적용합니다. 적용: 검은 원은 둘레에서 +3, +1칸을 번갈아 이동하고, 선분은 매번 +90° 회전합니다. 다음 위치와 각도를 함께 적용한 보기가 정답입니다. 검산: 원 위치와 선분 방향이 모두 맞는지 검산합니다."
T06-16,4,T06,둘레 위치 이동+선분 회전,2,T06-16-O1,1,8775626b05d383bae98b8d94fdb18725baaf73483ca38ff1c4610a7a82da80b1,"규칙: 검은 원의 둘레 이동과 짧은 선분의 회전을 서로 다른 규칙으로 적용합니다. 적용: 파란 점은 매번 둘레를 1칸 이동하고, 선분은 매번 45° 회전합니다. 두 규칙을 동시에 적용한 상태가 정답입니다. 검산: 두 변화가 모두 이어지는 보기를 고릅니다."
T06-17,4,T06,둘레 위치 이동+선분 회전,4,T06-17-O2,2,7fd6cac61f62b6ce75b7aee8c23aea9e8e2ed4c9810064bbc64cce34e70af64e,"규칙: 검은 원의 둘레 이동과 짧은 선분의 회전을 서로 다른 규칙으로 적용합니다. 적용: 파란 점은 매번 둘레를 2칸 이동하고, 선분은 매번 45° 회전합니다. 두 규칙을 동시에 적용한 상태가 정답입니다. 검산: 두 변화가 모두 이어지는 보기를 고릅니다."
T06-18,4,T06,둘레 위치 이동+선분 회전,5,T06-18-O3,3,93b47a15befbea53210c1a2f059cf9644af7545c79199ec9123a320401a33809,"규칙: 검은 원의 둘레 이동과 짧은 선분의 회전을 서로 다른 규칙으로 적용합니다. 적용: 파란 점은 매번 둘레를 3칸 이동하고, 선분은 매번 45° 회전합니다. 두 규칙을 동시에 적용한 상태가 정답입니다. 검산: 두 변화가 모두 이어지는 보기를 고릅니다."
T06-19,4,T06,둘레 위치 이동+선분 회전,3,T06-19-O4,4,3397b93e9549c8dba78438872049b11adf05936104eb72c595f200af889418a3,"규칙: 검은 원의 둘레 이동과 짧은 선분의 회전을 서로 다른 규칙으로 적용합니다. 적용: 파란 점은 매번 둘레를 1칸 이동하고, 선분은 매번 135° 회전합니다. 두 규칙을 동시에 적용한 상태가 정답입니다. 검산: 두 변화가 모두 이어지는 보기를 고릅니다."
T06-20,4,T06,둘레 위치 이동+선분 회전,4,T06-20-O5,5,f9381bdd65668930a9a585f0a56822d6a7a4bd77f6ad2e4933f747b7afa2e0f6,"규칙: 검은 원의 둘레 이동과 짧은 선분의 회전을 서로 다른 규칙으로 적용합니다. 적용: 파란 점은 매번 둘레를 2칸 이동하고, 선분은 매번 135° 회전합니다. 두 규칙을 동시에 적용한 상태가 정답입니다. 검산: 두 변화가 모두 이어지는 보기를 고릅니다."
T06-21,4,T06,둘레 위치 이동+선분 회전,5,T06-21-O6,6,6149192f7142f712e4d1939c845c80b7b992fd47cc1e790345ad688bec46ad84,"규칙: 검은 원의 둘레 이동과 짧은 선분의 회전을 서로 다른 규칙으로 적용합니다. 적용: 파란 점은 매번 둘레를 3칸 이동하고, 선분은 매번 135° 회전합니다. 두 규칙을 동시에 적용한 상태가 정답입니다. 검산: 두 변화가 모두 이어지는 보기를 고릅니다."
T06-22,4,T06,둘레 위치 이동+선분 회전,2,T06-22-O1,1,c206e9fa4c20a14a8f4046ae2f75ef938244435855230b1e0fe6bce29a69f8d7,"규칙: 검은 원의 둘레 이동과 짧은 선분의 회전을 서로 다른 규칙으로 적용합니다. 적용: 파란 점은 매번 둘레를 1칸 이동하고, 선분은 매번 90° 회전합니다. 두 규칙을 동시에 적용한 상태가 정답입니다. 검산: 두 변화가 모두 이어지는 보기를 고릅니다."
T06-23,4,T06,둘레 위치 이동+선분 회전,4,T06-23-O2,2,0d73137919ec721b2f9723056f685714615de4f2219223249f11279912b205f4,"규칙: 검은 원의 둘레 이동과 짧은 선분의 회전을 서로 다른 규칙으로 적용합니다. 적용: 파란 점은 매번 둘레를 2칸 이동하고, 선분은 매번 90° 회전합니다. 두 규칙을 동시에 적용한 상태가 정답입니다. 검산: 두 변화가 모두 이어지는 보기를 고릅니다."
T06-24,4,T06,둘레 위치 이동+선분 회전,5,T06-24-O3,3,373c810fa7b460ee609c632e67dc7a20ff7918aa59422b0828c36da30b196c3e,"규칙: 검은 원의 둘레 이동과 짧은 선분의 회전을 서로 다른 규칙으로 적용합니다. 적용: 파란 점은 매번 둘레를 3칸 이동하고, 선분은 매번 90° 회전합니다. 두 규칙을 동시에 적용한 상태가 정답입니다. 검산: 두 변화가 모두 이어지는 보기를 고릅니다."
T06-25,4,T06,둘레 위치 이동+선분 회전,3,T06-25-O4,4,8ab44643557aae23e736188dba72f9403502ba747d217236528336743ca1e838,"규칙: 검은 원의 둘레 이동과 짧은 선분의 회전을 서로 다른 규칙으로 적용합니다. 적용: 파란 점은 매번 둘레를 1칸 이동하고, 선분은 매번 45° 회전합니다. 두 규칙을 동시에 적용한 상태가 정답입니다. 검산: 두 변화가 모두 이어지는 보기를 고릅니다."
T06-26,4,T06,둘레 위치 이동+선분 회전,4,T06-26-O5,5,c2b53ba8d88a55dd87a795302af1b556e0d542d5725401c5d8979e044242e5cc,"규칙: 검은 원의 둘레 이동과 짧은 선분의 회전을 서로 다른 규칙으로 적용합니다. 적용: 파란 점은 매번 둘레를 2칸 이동하고, 선분은 매번 45° 회전합니다. 두 규칙을 동시에 적용한 상태가 정답입니다. 검산: 두 변화가 모두 이어지는 보기를 고릅니다."
T06-27,4,T06,둘레 위치 이동+선분 회전,5,T06-27-O6,6,6d57edfe253087585119b362b20ced14a652fff3b51f2d3748ddf866ec48391d,"규칙: 검은 원의 둘레 이동과 짧은 선분의 회전을 서로 다른 규칙으로 적용합니다. 적용: 파란 점은 매번 둘레를 3칸 이동하고, 선분은 매번 45° 회전합니다. 두 규칙을 동시에 적용한 상태가 정답입니다. 검산: 두 변화가 모두 이어지는 보기를 고릅니다."
T07-01,3,T07,두 원의 반대방향 회전,3,T07-01-O3,3,b36e3a7f8173302093d201ef7a5e8a48f46b04f6a9a1903c3a38f19b1c493be9,"규칙: 두 원은 서로 다른 방향과 속도로 이동하며 겹쳐도 각각의 궤적을 유지합니다. 적용: 검은 원은 매 칸 시계 방향, 흰 원은 반시계 방향으로 90°씩 이동합니다. 같은 자리에 오면 검은 원이 흰 원을 가립니다. 검산: 겹친 원을 사라진 것으로 처리하지 않았는지 검산합니다."
T07-02,3,T07,두 원의 반대방향 회전,3,T07-02-O6,6,508648cfd67a2894813ccc03483856f23b3a719129ad8eade0ff22c28fa3de68,"규칙: 두 원은 서로 다른 방향과 속도로 이동하며 겹쳐도 각각의 궤적을 유지합니다. 적용: 검은 원은 매 칸 시계 방향, 흰 원은 반시계 방향으로 90°씩 이동합니다. 같은 자리에 오면 검은 원이 흰 원을 가립니다. 검산: 겹친 원을 사라진 것으로 처리하지 않았는지 검산합니다."
T07-03,3,T07,두 원의 반대방향 회전,4,T07-03-O6,6,a322bb712532480d13fb6b546226a0588b5b0054fdc2df862b9437b97dd5549d,"규칙: 두 원은 서로 다른 방향과 속도로 이동하며 겹쳐도 각각의 궤적을 유지합니다. 적용: 검은 원은 매 칸 반시계 방향, 흰 원은 시계 방향으로 90°씩 이동합니다. 같은 자리에 오면 검은 원이 흰 원을 가립니다. 검산: 겹친 원을 사라진 것으로 처리하지 않았는지 검산합니다."
T07-04,3,T07,두 원의 반대방향 회전,5,T07-04-O1,1,ea085b13d380715d20604a9f7923f8a394238bb319686d6109747db48f3da03f,"규칙: 두 원은 서로 다른 방향과 속도로 이동하며 겹쳐도 각각의 궤적을 유지합니다. 적용: 검은 원은 매 칸 시계 방향, 흰 원은 반시계 방향으로 90°씩 이동합니다. 같은 자리에 오면 검은 원이 흰 원을 가립니다. 검산: 겹친 원을 사라진 것으로 처리하지 않았는지 검산합니다."
T07-05,3,T07,두 원의 반대방향 회전,5,T07-05-O5,5,bf2b27df6d410e97c2d506ae5885707ccf7fc794455ff59a328e1e0d4b0cac8c,"규칙: 두 원은 서로 다른 방향과 속도로 이동하며 겹쳐도 각각의 궤적을 유지합니다. 적용: 검은 원은 매 칸 반시계 방향, 흰 원은 시계 방향으로 90°씩 이동합니다. 같은 자리에 오면 검은 원이 흰 원을 가립니다. 검산: 겹친 원을 사라진 것으로 처리하지 않았는지 검산합니다."
T07-06,2,T07,두 원의 반대방향 회전,4,T07-06-O2,2,bea75180e43dfceda38779bf9355744e619a58137512b249dc7103e5707f37e9,"규칙: 두 원은 서로 다른 방향과 속도로 이동하며 겹쳐도 각각의 궤적을 유지합니다. 적용: 검은 원은 시계방향으로 1칸, 흰 원은 반시계방향으로 1칸씩 이동합니다. 두 위치가 같으면 흰 원은 가려집니다. 검산: 겹친 원을 사라진 것으로 처리하지 않았는지 검산합니다."
T07-07,2,T07,두 원의 반대방향 회전,4,T07-07-O2,2,3c6b5f49768fff6db9251ebf2863511321871c992cf8aff2520fda78dd497378,"규칙: 두 원은 서로 다른 방향과 속도로 이동하며 겹쳐도 각각의 궤적을 유지합니다. 적용: 검은 원은 시계방향으로 2칸, 흰 원은 반시계방향으로 1칸씩 이동합니다. 두 위치가 같으면 흰 원은 가려집니다. 검산: 겹친 원을 사라진 것으로 처리하지 않았는지 검산합니다."
T07-08,2,T07,두 원의 반대방향 회전,4,T07-08-O3,3,bafa113ef52fdb04b48544a6cabb1105d4b8a819ea42c3eb52f4c204623077aa,"규칙: 두 원은 서로 다른 방향과 속도로 이동하며 겹쳐도 각각의 궤적을 유지합니다. 적용: 검은 원은 시계방향으로 1칸, 흰 원은 반시계방향으로 2칸씩 이동합니다. 두 위치가 같으면 흰 원은 가려집니다. 검산: 겹친 원을 사라진 것으로 처리하지 않았는지 검산합니다."
T07-09,2,T07,두 원의 반대방향 회전,5,T07-09-O2,2,21eda16f7ee4a7f2ccdd5ddba9a234273b3d9162ceef424464bbf9fba091991d,"규칙: 두 원은 서로 다른 방향과 속도로 이동하며 겹쳐도 각각의 궤적을 유지합니다. 적용: 검은 원은 시계방향으로 3칸, 흰 원은 반시계방향으로 1칸씩 이동합니다. 두 위치가 같으면 흰 원은 가려집니다. 검산: 겹친 원을 사라진 것으로 처리하지 않았는지 검산합니다."
T07-10,2,T07,두 원의 반대방향 회전,5,T07-10-O4,4,a9d61eef35c82578b19ebeb2ee6fd56028daa99e6bb03f2be47648e99bba534f,"규칙: 두 원은 서로 다른 방향과 속도로 이동하며 겹쳐도 각각의 궤적을 유지합니다. 적용: 검은 원은 시계방향으로 1칸, 흰 원은 반시계방향으로 3칸씩 이동합니다. 두 위치가 같으면 흰 원은 가려집니다. 검산: 겹친 원을 사라진 것으로 처리하지 않았는지 검산합니다."
T07-11,2,T07,두 원의 반대방향 회전,5,T07-11-O6,6,2873295f5e481478fdda2f0e90b82628f21979aab703aa1f268036e40aee746a,"규칙: 두 원은 서로 다른 방향과 속도로 이동하며 겹쳐도 각각의 궤적을 유지합니다. 적용: 검은 원은 시계방향으로 2칸, 흰 원은 반시계방향으로 3칸씩 이동합니다. 두 위치가 같으면 흰 원은 가려집니다. 검산: 겹친 원을 사라진 것으로 처리하지 않았는지 검산합니다."
T07-12,2,T07,두 원의 반대방향 회전,5,T07-12-O4,4,aab1fe86387ed03ac936d5f466e7f42805211f229db857c4d65ee59164820c3a,"규칙: 두 원은 서로 다른 방향과 속도로 이동하며 겹쳐도 각각의 궤적을 유지합니다. 적용: 검은 원은 시계방향으로 3칸, 흰 원은 반시계방향으로 2칸씩 이동합니다. 두 위치가 같으면 흰 원은 가려집니다. 검산: 겹친 원을 사라진 것으로 처리하지 않았는지 검산합니다."
T07-13,2,T07,두 원의 반대방향 회전,5,T07-13-O2,2,9b9d9a970396297e35877487a522261d4e31d36707874a6b63c254827b9c2deb,"규칙: 두 원은 서로 다른 방향과 속도로 이동하며 겹쳐도 각각의 궤적을 유지합니다. 적용: 검은 원은 시계방향으로 2칸, 흰 원은 반시계방향으로 1칸씩 이동합니다. 두 위치가 같으면 흰 원은 가려집니다. 검산: 겹친 원을 사라진 것으로 처리하지 않았는지 검산합니다."
T07-14,2,T07,두 원의 반대방향 회전,5,T07-14-O2,2,1f94200c85a1704b4347d8c9b6642002127bc03fbf68ba313d4763f96c61ca81,"규칙: 두 원은 서로 다른 방향과 속도로 이동하며 겹쳐도 각각의 궤적을 유지합니다. 적용: 검은 원은 시계방향으로 1칸, 흰 원은 반시계방향으로 2칸씩 이동합니다. 두 위치가 같으면 흰 원은 가려집니다. 검산: 겹친 원을 사라진 것으로 처리하지 않았는지 검산합니다."
T07-15,2,T07,두 원의 반대방향 회전,5,T07-15-O2,2,df9c1fd9e82110e73098d121520ad1fc9627252b432081e542d77ac0cb13931f,"규칙: 두 원은 서로 다른 방향과 속도로 이동하며 겹쳐도 각각의 궤적을 유지합니다. 적용: 검은 원은 시계방향으로 3칸, 흰 원은 반시계방향으로 1칸씩 이동합니다. 두 위치가 같으면 흰 원은 가려집니다. 검산: 겹친 원을 사라진 것으로 처리하지 않았는지 검산합니다."
T07-16,4,T07,두 원의 반대방향 회전,2,T07-16-O1,1,815da4f4c5456fed8318f2cca02fa9643184ece886991de6b68b0ef421ed9c6d,"규칙: 두 원은 서로 다른 방향과 속도로 이동하며 겹쳐도 각각의 궤적을 유지합니다. 적용: 검은 원은 시계 방향으로 1칸씩, 흰 원은 반시계 방향으로 2칸씩 이동합니다. 네 번째 상태에서 각각 한 번 더 이동한 위치가 정답입니다. 검산: 두 원이 같은 위치에 오면 동심원으로 표시된다는 점을 유지합니다."
T07-17,4,T07,두 원의 반대방향 회전,4,T07-17-O2,2,1dc0e5c73a6063514cc161da1b09e4a1ca80288923887f33897b1a7785ffe473,"규칙: 두 원은 서로 다른 방향과 속도로 이동하며 겹쳐도 각각의 궤적을 유지합니다. 적용: 검은 원은 시계 방향으로 2칸씩, 흰 원은 반시계 방향으로 2칸씩 이동합니다. 네 번째 상태에서 각각 한 번 더 이동한 위치가 정답입니다. 검산: 두 원이 같은 위치에 오면 동심원으로 표시된다는 점을 유지합니다."
T07-18,4,T07,두 원의 반대방향 회전,5,T07-18-O3,3,e9c4e21d5e52f6506dc88d9e0dd4c2f3a837421583cc3b5c728bf6a5fa65d051,"규칙: 두 원은 서로 다른 방향과 속도로 이동하며 겹쳐도 각각의 궤적을 유지합니다. 적용: 검은 원은 시계 방향으로 3칸씩, 흰 원은 반시계 방향으로 3칸씩 이동합니다. 네 번째 상태에서 각각 한 번 더 이동한 위치가 정답입니다. 검산: 두 원이 같은 위치에 오면 동심원으로 표시된다는 점을 유지합니다."
T07-19,4,T07,두 원의 반대방향 회전,3,T07-19-O4,4,6f0f090ba7a76d174aed7eefa1e581685fbbb94cf7e06ca5171ba8b5a7ec7848,"규칙: 두 원은 서로 다른 방향과 속도로 이동하며 겹쳐도 각각의 궤적을 유지합니다. 적용: 검은 원은 시계 방향으로 4칸씩, 흰 원은 반시계 방향으로 3칸씩 이동합니다. 네 번째 상태에서 각각 한 번 더 이동한 위치가 정답입니다. 검산: 두 원이 같은 위치에 오면 동심원으로 표시된다는 점을 유지합니다."
T07-20,4,T07,두 원의 반대방향 회전,4,T07-20-O5,5,422fbbe493a39ae0e0e8d10b47ca8d85e284eace47dd5689d39afb2f5462f0c4,"규칙: 두 원은 서로 다른 방향과 속도로 이동하며 겹쳐도 각각의 궤적을 유지합니다. 적용: 검은 원은 시계 방향으로 1칸씩, 흰 원은 반시계 방향으로 1칸씩 이동합니다. 네 번째 상태에서 각각 한 번 더 이동한 위치가 정답입니다. 검산: 두 원이 같은 위치에 오면 동심원으로 표시된다는 점을 유지합니다."
T07-21,4,T07,두 원의 반대방향 회전,5,T07-21-O6,6,faa19cb9f8083d54edbffc78d9f89a37b17090c9284cceb09e5c22e23dc23caa,"규칙: 두 원은 서로 다른 방향과 속도로 이동하며 겹쳐도 각각의 궤적을 유지합니다. 적용: 검은 원은 시계 방향으로 2칸씩, 흰 원은 반시계 방향으로 1칸씩 이동합니다. 네 번째 상태에서 각각 한 번 더 이동한 위치가 정답입니다. 검산: 두 원이 같은 위치에 오면 동심원으로 표시된다는 점을 유지합니다."
T07-22,4,T07,두 원의 반대방향 회전,2,T07-22-O1,1,f00d7393301b989a279756c400dc7289ef618c69acc5eca8db79244d821cbea4,"규칙: 두 원은 서로 다른 방향과 속도로 이동하며 겹쳐도 각각의 궤적을 유지합니다. 적용: 검은 원은 시계 방향으로 3칸씩, 흰 원은 반시계 방향으로 4칸씩 이동합니다. 네 번째 상태에서 각각 한 번 더 이동한 위치가 정답입니다. 검산: 두 원이 같은 위치에 오면 동심원으로 표시된다는 점을 유지합니다."
T07-23,4,T07,두 원의 반대방향 회전,4,T07-23-O2,2,9d02f7b17cb57d8b23d2f8d23091b9eede5fb10dd625c9a76ba9985eaa93a0e7,"규칙: 두 원은 서로 다른 방향과 속도로 이동하며 겹쳐도 각각의 궤적을 유지합니다. 적용: 검은 원은 시계 방향으로 4칸씩, 흰 원은 반시계 방향으로 4칸씩 이동합니다. 네 번째 상태에서 각각 한 번 더 이동한 위치가 정답입니다. 검산: 두 원이 같은 위치에 오면 동심원으로 표시된다는 점을 유지합니다."
T07-24,4,T07,두 원의 반대방향 회전,5,T07-24-O3,3,320f3277f54c258f767fb061b08b7abec778f3e0f8061db3e806c07ae26efa32,"규칙: 두 원은 서로 다른 방향과 속도로 이동하며 겹쳐도 각각의 궤적을 유지합니다. 적용: 검은 원은 시계 방향으로 1칸씩, 흰 원은 반시계 방향으로 2칸씩 이동합니다. 네 번째 상태에서 각각 한 번 더 이동한 위치가 정답입니다. 검산: 두 원이 같은 위치에 오면 동심원으로 표시된다는 점을 유지합니다."
T07-25,4,T07,두 원의 반대방향 회전,3,T07-25-O4,4,850ac01b34358f2120550f06f1cbf06f735c7f06ed18f18b11896a14f9e243f5,"규칙: 두 원은 서로 다른 방향과 속도로 이동하며 겹쳐도 각각의 궤적을 유지합니다. 적용: 검은 원은 시계 방향으로 2칸씩, 흰 원은 반시계 방향으로 2칸씩 이동합니다. 네 번째 상태에서 각각 한 번 더 이동한 위치가 정답입니다. 검산: 두 원이 같은 위치에 오면 동심원으로 표시된다는 점을 유지합니다."
T07-26,4,T07,두 원의 반대방향 회전,4,T07-26-O5,5,4962dbe4cb3b181fa56c1e737dc4a0ed4128d374535f072ac4ec91604ab4fa0e,"규칙: 두 원은 서로 다른 방향과 속도로 이동하며 겹쳐도 각각의 궤적을 유지합니다. 적용: 검은 원은 시계 방향으로 3칸씩, 흰 원은 반시계 방향으로 3칸씩 이동합니다. 네 번째 상태에서 각각 한 번 더 이동한 위치가 정답입니다. 검산: 두 원이 같은 위치에 오면 동심원으로 표시된다는 점을 유지합니다."
T07-27,4,T07,두 원의 반대방향 회전,5,T07-27-O6,6,b979876b3a0e09f32879c5599ed008bfe6e6ffec60ca8d4751acc784cb1eb70a,"규칙: 두 원은 서로 다른 방향과 속도로 이동하며 겹쳐도 각각의 궤적을 유지합니다. 적용: 검은 원은 시계 방향으로 4칸씩, 흰 원은 반시계 방향으로 3칸씩 이동합니다. 네 번째 상태에서 각각 한 번 더 이동한 위치가 정답입니다. 검산: 두 원이 같은 위치에 오면 동심원으로 표시된다는 점을 유지합니다."
T08-01,3,T08,도형×표현방식 라틴배열,2,T08-01-O6,6,59b0deaad93aa26cf9b98bfab9e2beed0085135be3659196b07699c8b5443146,규칙: 도형 종류와 표현 방식이 각 행·열에서 한 번씩 나타나도록 배열합니다. 적용: 각 행과 열에서 세 도형과 세 표현 방식이 일정하게 순환합니다. 빈칸은 실선 삼각형입니다. 검산: 도형과 표현 방식 두 조건을 동시에 만족하는지 검산합니다.
T08-02,3,T08,도형×표현방식 라틴배열,2,T08-02-O1,1,ed599b0ae2f7c7a0e5fc6660e2cf003eeffd3944d5080b90e553682c97a1101f,규칙: 도형 종류와 표현 방식이 각 행·열에서 한 번씩 나타나도록 배열합니다. 적용: 각 행과 열에서 세 도형과 세 표현 방식이 일정하게 순환합니다. 빈칸은 실선 마름모입니다. 검산: 도형과 표현 방식 두 조건을 동시에 만족하는지 검산합니다.
T08-03,3,T08,도형×표현방식 라틴배열,3,T08-03-O6,6,0f0f1fd8d7f1a83d11e9998c12654ac96356bb1f300715228fd19db59dcdea99,규칙: 도형 종류와 표현 방식이 각 행·열에서 한 번씩 나타나도록 배열합니다. 적용: 각 행과 열에서 세 도형과 세 표현 방식이 일정하게 순환합니다. 빈칸은 채움 사각형입니다. 검산: 도형과 표현 방식 두 조건을 동시에 만족하는지 검산합니다.
T08-04,3,T08,도형×표현방식 라틴배열,4,T08-04-O4,4,51e39b98b30325e6d7e1383bc0889209711af526e649606bb85e6c1f2ba94b58,규칙: 도형 종류와 표현 방식이 각 행·열에서 한 번씩 나타나도록 배열합니다. 적용: 각 행과 열에서 세 도형과 세 표현 방식이 일정하게 순환합니다. 빈칸은 점선 마름모입니다. 검산: 도형과 표현 방식 두 조건을 동시에 만족하는지 검산합니다.
T08-05,3,T08,도형×표현방식 라틴배열,4,T08-05-O4,4,ff36809e8748c08f8100b7be2bdef57daefbcec584a6cff1a78245a042f42b1e,규칙: 도형 종류와 표현 방식이 각 행·열에서 한 번씩 나타나도록 배열합니다. 적용: 각 행과 열에서 세 도형과 세 표현 방식이 일정하게 순환합니다. 빈칸은 점선 삼각형입니다. 검산: 도형과 표현 방식 두 조건을 동시에 만족하는지 검산합니다.
T08-06,2,T08,도형×표현방식 라틴배열,3,T08-06-O4,4,684bb0862ad8452d91f27534341b6e0e0915a8bac5747209c6e05bfa0ae0025a,"규칙: 도형 종류와 표현 방식이 각 행·열에서 한 번씩 나타나도록 배열합니다. 적용: 빈칸의 행과 열에서 빠진 도형은 오각형, 빠진 표현 방식은 점선 윤곽입니다. 두 조건을 동시에 만족해야 합니다. 검산: 도형과 표현 방식 두 조건을 동시에 만족하는지 검산합니다."
T08-07,2,T08,도형×표현방식 라틴배열,3,T08-07-O3,3,acd343526c6205ef1761338d24cf385091837f01b4bd95ec85343f151f81915e,"규칙: 도형 종류와 표현 방식이 각 행·열에서 한 번씩 나타나도록 배열합니다. 적용: 빈칸의 행과 열에서 빠진 도형은 오각형, 빠진 표현 방식은 점선 윤곽입니다. 두 조건을 동시에 만족해야 합니다. 검산: 도형과 표현 방식 두 조건을 동시에 만족하는지 검산합니다."
T08-08,2,T08,도형×표현방식 라틴배열,3,T08-08-O4,4,37eb7a40e813152dfca60c786ffd9bcab6d17f474b1df1e0bd35c80db694f998,"규칙: 도형 종류와 표현 방식이 각 행·열에서 한 번씩 나타나도록 배열합니다. 적용: 빈칸의 행과 열에서 빠진 도형은 사각형, 빠진 표현 방식은 검은 채움입니다. 두 조건을 동시에 만족해야 합니다. 검산: 도형과 표현 방식 두 조건을 동시에 만족하는지 검산합니다."
T08-09,2,T08,도형×표현방식 라틴배열,4,T08-09-O6,6,83c2c9bd70a341de93e7634abd72c3dbd9c79356134226cad54333ee9a2dfafc,"규칙: 도형 종류와 표현 방식이 각 행·열에서 한 번씩 나타나도록 배열합니다. 적용: 빈칸의 행과 열에서 빠진 도형은 사각형, 빠진 표현 방식은 실선 윤곽입니다. 두 조건을 동시에 만족해야 합니다. 검산: 도형과 표현 방식 두 조건을 동시에 만족하는지 검산합니다."
T08-10,2,T08,도형×표현방식 라틴배열,4,T08-10-O1,1,1fa6eb7e24c9556837ad92f8260c1ba016cc2fcfbe26fc65c635fb19fd2c0ac3,"규칙: 도형 종류와 표현 방식이 각 행·열에서 한 번씩 나타나도록 배열합니다. 적용: 빈칸의 행과 열에서 빠진 도형은 오각형, 빠진 표현 방식은 점선 윤곽입니다. 두 조건을 동시에 만족해야 합니다. 검산: 도형과 표현 방식 두 조건을 동시에 만족하는지 검산합니다."
T08-11,2,T08,도형×표현방식 라틴배열,4,T08-11-O2,2,81eafe036fb993ba18dc1aa1dfbf768712c54b81b3c07eb59cd846cdc5468043,"규칙: 도형 종류와 표현 방식이 각 행·열에서 한 번씩 나타나도록 배열합니다. 적용: 빈칸의 행과 열에서 빠진 도형은 삼각형, 빠진 표현 방식은 줄무늬 채움입니다. 두 조건을 동시에 만족해야 합니다. 검산: 도형과 표현 방식 두 조건을 동시에 만족하는지 검산합니다."
T08-12,2,T08,도형×표현방식 라틴배열,4,T08-12-O2,2,127bb1f188576a66edbb55548f52d86a2cf01cd279165a9e22191a6944b2c50f,"규칙: 도형 종류와 표현 방식이 각 행·열에서 한 번씩 나타나도록 배열합니다. 적용: 빈칸의 행과 열에서 빠진 도형은 원, 빠진 표현 방식은 실선 윤곽입니다. 두 조건을 동시에 만족해야 합니다. 검산: 도형과 표현 방식 두 조건을 동시에 만족하는지 검산합니다."
T08-13,2,T08,도형×표현방식 라틴배열,5,T08-13-O2,2,94b293b87355193e56a8956277c202a6e50218c26e631a8f1016235a1310ed73,"규칙: 도형 종류와 표현 방식이 각 행·열에서 한 번씩 나타나도록 배열합니다. 적용: 빈칸의 행과 열에서 빠진 도형은 원, 빠진 표현 방식은 실선 윤곽입니다. 두 조건을 동시에 만족해야 합니다. 검산: 도형과 표현 방식 두 조건을 동시에 만족하는지 검산합니다."
T08-14,2,T08,도형×표현방식 라틴배열,5,T08-14-O3,3,09f0fc7b85595a2f9ed1735f3cc1edf46393a078ea05a30622e9ce62f5a02deb,"규칙: 도형 종류와 표현 방식이 각 행·열에서 한 번씩 나타나도록 배열합니다. 적용: 빈칸의 행과 열에서 빠진 도형은 삼각형, 빠진 표현 방식은 점선 윤곽입니다. 두 조건을 동시에 만족해야 합니다. 검산: 도형과 표현 방식 두 조건을 동시에 만족하는지 검산합니다."
T08-16,4,T08,도형×표현방식 라틴배열,2,T08-16-O1,1,d5dad826044dbab0659f13182e7e708474e0973fe7c53b0cce1d01d2532d39e6,"규칙: 도형 종류와 표현 방식이 각 행·열에서 한 번씩 나타나도록 배열합니다. 적용: 각 행과 열에서 원·삼각형·사각형이 한 번씩, 윤곽선·채움·점무늬도 한 번씩 나타납니다. 빈칸은 점무늬 삼각형입니다. 검산: 두 조건을 결합하면 점무늬 삼각형입니다."
T08-17,4,T08,도형×표현방식 라틴배열,4,T08-17-O2,2,d2097b5f37345718471c1f298986b2804498fef169c42acb3a4196ce78cdd42f,"규칙: 도형 종류와 표현 방식이 각 행·열에서 한 번씩 나타나도록 배열합니다. 적용: 각 행과 열에서 원·삼각형·사각형이 한 번씩, 윤곽선·채움·점무늬도 한 번씩 나타납니다. 빈칸은 윤곽선 원입니다. 검산: 두 조건을 결합하면 윤곽선 원입니다."
T08-18,4,T08,도형×표현방식 라틴배열,5,T08-18-O3,3,ef5e807b05cffb4c3bc5ca5c39d133b27b8a6e52a5751259f36e36e861efe0d6,"규칙: 도형 종류와 표현 방식이 각 행·열에서 한 번씩 나타나도록 배열합니다. 적용: 각 행과 열에서 원·삼각형·사각형이 한 번씩, 윤곽선·채움·점무늬도 한 번씩 나타납니다. 빈칸은 채움 사각형입니다. 검산: 두 조건을 결합하면 채움 사각형입니다."
T08-19,4,T08,도형×표현방식 라틴배열,3,T08-19-O4,4,810787dfb6edd7932ff39eb0a7dd942543bc31e04c89ef41af4138b4c4f584bc,"규칙: 도형 종류와 표현 방식이 각 행·열에서 한 번씩 나타나도록 배열합니다. 적용: 각 행과 열에서 원·삼각형·사각형이 한 번씩, 윤곽선·채움·점무늬도 한 번씩 나타납니다. 빈칸은 채움 사각형입니다. 검산: 두 조건을 결합하면 채움 사각형입니다."
T08-20,4,T08,도형×표현방식 라틴배열,4,T08-20-O5,5,b65713158320316c417a9e65201e5ac9dd002369534857d4fe2a4210e1bb5e32,"규칙: 도형 종류와 표현 방식이 각 행·열에서 한 번씩 나타나도록 배열합니다. 적용: 각 행과 열에서 원·삼각형·사각형이 한 번씩, 윤곽선·채움·점무늬도 한 번씩 나타납니다. 빈칸은 윤곽선 사각형입니다. 검산: 두 조건을 결합하면 윤곽선 사각형입니다."
T08-21,4,T08,도형×표현방식 라틴배열,5,T08-21-O6,6,1abd3e6291dbf01a88b6acbd22817fd7db65285fcd069cd25791b0a754fab9fd,"규칙: 도형 종류와 표현 방식이 각 행·열에서 한 번씩 나타나도록 배열합니다. 적용: 각 행과 열에서 원·삼각형·사각형이 한 번씩, 윤곽선·채움·점무늬도 한 번씩 나타납니다. 빈칸은 점무늬 사각형입니다. 검산: 두 조건을 결합하면 점무늬 사각형입니다."
T08-22,4,T08,도형×표현방식 라틴배열,2,T08-22-O1,1,32a8cab31fff6d4acc741753886d38fa360368361cf463e285da928b895eb986,"규칙: 도형 종류와 표현 방식이 각 행·열에서 한 번씩 나타나도록 배열합니다. 적용: 각 행과 열에서 원·삼각형·사각형이 한 번씩, 윤곽선·채움·점무늬도 한 번씩 나타납니다. 빈칸은 채움 삼각형입니다. 검산: 두 조건을 결합하면 채움 삼각형입니다."
T08-23,4,T08,도형×표현방식 라틴배열,4,T08-23-O2,2,743f49a144dc1d3e6cc9ff669f62bf466f31e9f7c4a0d03ca50aba1c3ad4bb8c,"규칙: 도형 종류와 표현 방식이 각 행·열에서 한 번씩 나타나도록 배열합니다. 적용: 각 행과 열에서 원·삼각형·사각형이 한 번씩, 윤곽선·채움·점무늬도 한 번씩 나타납니다. 빈칸은 윤곽선 삼각형입니다. 검산: 두 조건을 결합하면 윤곽선 삼각형입니다."
T08-24,4,T08,도형×표현방식 라틴배열,5,T08-24-O3,3,133d1b8a26d640b2678a190287e7a8f2d029a60bc2cd753ccc370f5ed70cbc6f,"규칙: 도형 종류와 표현 방식이 각 행·열에서 한 번씩 나타나도록 배열합니다. 적용: 각 행과 열에서 원·삼각형·사각형이 한 번씩, 윤곽선·채움·점무늬도 한 번씩 나타납니다. 빈칸은 점무늬 삼각형입니다. 검산: 두 조건을 결합하면 점무늬 삼각형입니다."
T08-25,4,T08,도형×표현방식 라틴배열,3,T08-25-O4,4,d613944f14a8677750c0f913b7da217a21f8d6bcd9139e11b5e27374195340fe,"규칙: 도형 종류와 표현 방식이 각 행·열에서 한 번씩 나타나도록 배열합니다. 적용: 각 행과 열에서 원·삼각형·사각형이 한 번씩, 윤곽선·채움·점무늬도 한 번씩 나타납니다. 빈칸은 채움 삼각형입니다. 검산: 두 조건을 결합하면 채움 삼각형입니다."
T08-26,4,T08,도형×표현방식 라틴배열,4,T08-26-O5,5,c818fb347c56825a2d68f33dbe0eab7601fc7e809b9ed406c9fd53d411e77984,"규칙: 도형 종류와 표현 방식이 각 행·열에서 한 번씩 나타나도록 배열합니다. 적용: 각 행과 열에서 원·삼각형·사각형이 한 번씩, 윤곽선·채움·점무늬도 한 번씩 나타납니다. 빈칸은 윤곽선 원입니다. 검산: 두 조건을 결합하면 윤곽선 원입니다."
T08-27,4,T08,도형×표현방식 라틴배열,5,T08-27-O6,6,ef839080aaa237a927670f42282d15f1185b1ca8c44c6ca82b1e84d6a5a4e572,"규칙: 도형 종류와 표현 방식이 각 행·열에서 한 번씩 나타나도록 배열합니다. 적용: 각 행과 열에서 원·삼각형·사각형이 한 번씩, 윤곽선·채움·점무늬도 한 번씩 나타납니다. 빈칸은 채움 사각형입니다. 검산: 두 조건을 결합하면 채움 사각형입니다."
T09-01,3,T09,도형 중첩·가림,3,T09-01-O4,4,7f0f695d521b88b1267eaaf41090637d9b0636d8bc15838e23bc9b734c6f8548,"규칙: 같은 중심에 도형을 겹치되 앞의 검은 면이 뒤쪽 선을 가립니다. 적용: 바깥 테두리와 모든 선을 먼저 겹친 뒤, 검게 채워진 도형을 마지막에 올립니다. 검은 영역 뒤에 놓인 선 구간은 보이지 않지만 나머지 요소는 모두 남아야 합니다. 검산: 보존할 요소와 가려질 요소를 각각 검산합니다."
T09-02,3,T09,도형 중첩·가림,3,T09-02-O3,3,acace2da82b652f98b76496f9f81252ca0395251befce60ef5871994763ff107,"규칙: 같은 중심에 도형을 겹치되 앞의 검은 면이 뒤쪽 선을 가립니다. 적용: 바깥 테두리와 모든 선을 먼저 겹친 뒤, 검게 채워진 도형을 마지막에 올립니다. 검은 영역 뒤에 놓인 선 구간은 보이지 않지만 나머지 요소는 모두 남아야 합니다. 검산: 보존할 요소와 가려질 요소를 각각 검산합니다."
T09-03,3,T09,도형 중첩·가림,4,T09-03-O6,6,874c413de46add40e443a6300cce014ac54540bc00f6992eaa5044c9598b77da,"규칙: 같은 중심에 도형을 겹치되 앞의 검은 면이 뒤쪽 선을 가립니다. 적용: 바깥 테두리와 모든 선을 먼저 겹친 뒤, 검게 채워진 도형을 마지막에 올립니다. 검은 영역 뒤에 놓인 선 구간은 보이지 않지만 나머지 요소는 모두 남아야 합니다. 검산: 보존할 요소와 가려질 요소를 각각 검산합니다."
T09-04,3,T09,도형 중첩·가림,5,T09-04-O1,1,c3e741bb16aec899233857106458c481e238adb0cb8a297ba836c328dd27aac2,"규칙: 같은 중심에 도형을 겹치되 앞의 검은 면이 뒤쪽 선을 가립니다. 적용: 바깥 테두리와 모든 선을 먼저 겹친 뒤, 검게 채워진 도형을 마지막에 올립니다. 검은 영역 뒤에 놓인 선 구간은 보이지 않지만 나머지 요소는 모두 남아야 합니다. 검산: 보존할 요소와 가려질 요소를 각각 검산합니다."
T09-05,3,T09,도형 중첩·가림,5,T09-05-O1,1,ade180bfa5c13cb22e8d0d1480f547cda8801cd79cbced989abd54ab8d7f7928,"규칙: 같은 중심에 도형을 겹치되 앞의 검은 면이 뒤쪽 선을 가립니다. 적용: 바깥 테두리와 모든 선을 먼저 겹친 뒤, 검게 채워진 도형을 마지막에 올립니다. 검은 영역 뒤에 놓인 선 구간은 보이지 않지만 나머지 요소는 모두 남아야 합니다. 검산: 보존할 요소와 가려질 요소를 각각 검산합니다."
T09-06,2,T09,도형 중첩·가림,4,T09-06-O6,6,c0a9f96f486db1247985448a39454c85d75778690a610e3c92f52e17e95e31f1,"규칙: 같은 중심에 도형을 겹치되 앞의 검은 면이 뒤쪽 선을 가립니다. 적용: 첫 번째 도형을 바탕으로 두 번째의 굵은 띠를 올리고, 마지막 도형의 원과 가는 선을 가장 위에 놓습니다. 따라서 마지막 원이 아래의 띠나 선을 가리는 부분까지 일치해야 합니다. 검산: 보존할 요소와 가려질 요소를 각각 검산합니다."
T09-07,2,T09,도형 중첩·가림,4,T09-07-O1,1,9d3288fc88d7227285e9cf188d02a803b22d10540a60386a5ac4a88997338fdc,"규칙: 같은 중심에 도형을 겹치되 앞의 검은 면이 뒤쪽 선을 가립니다. 적용: 첫 번째 도형을 바탕으로 두 번째의 굵은 띠를 올리고, 마지막 도형의 원과 가는 선을 가장 위에 놓습니다. 따라서 마지막 원이 아래의 띠나 선을 가리는 부분까지 일치해야 합니다. 검산: 보존할 요소와 가려질 요소를 각각 검산합니다."
T09-08,2,T09,도형 중첩·가림,4,T09-08-O3,3,cdb44b872994fac417a9a20a07fcca6e1b9367780d1e3b7514e547216a67704b,"규칙: 같은 중심에 도형을 겹치되 앞의 검은 면이 뒤쪽 선을 가립니다. 적용: 첫 번째 도형을 바탕으로 두 번째의 굵은 띠를 올리고, 마지막 도형의 원과 가는 선을 가장 위에 놓습니다. 따라서 마지막 원이 아래의 띠나 선을 가리는 부분까지 일치해야 합니다. 검산: 보존할 요소와 가려질 요소를 각각 검산합니다."
T09-09,2,T09,도형 중첩·가림,5,T09-09-O1,1,c9302f181b73b75b3eea385477b6d172a79e0fc1ff025a9ca6616721d3e9453b,"규칙: 같은 중심에 도형을 겹치되 앞의 검은 면이 뒤쪽 선을 가립니다. 적용: 첫 번째 도형을 바탕으로 두 번째의 굵은 띠를 올리고, 마지막 도형의 원과 가는 선을 가장 위에 놓습니다. 따라서 마지막 원이 아래의 띠나 선을 가리는 부분까지 일치해야 합니다. 검산: 보존할 요소와 가려질 요소를 각각 검산합니다."
T09-10,2,T09,도형 중첩·가림,5,T09-10-O6,6,9d5c83511d9b00fd3b2487d38083e9ee5c85a59e739b22e28943b928f1682fb5,"규칙: 같은 중심에 도형을 겹치되 앞의 검은 면이 뒤쪽 선을 가립니다. 적용: 첫 번째 도형을 바탕으로 두 번째의 굵은 띠를 올리고, 마지막 도형의 원과 가는 선을 가장 위에 놓습니다. 따라서 마지막 원이 아래의 띠나 선을 가리는 부분까지 일치해야 합니다. 검산: 보존할 요소와 가려질 요소를 각각 검산합니다."
T09-11,2,T09,도형 중첩·가림,5,T09-11-O1,1,dee84f12477c249c764bb27341ab87156912f4bd03f0f9180dd7e5cfe681f6d4,"규칙: 같은 중심에 도형을 겹치되 앞의 검은 면이 뒤쪽 선을 가립니다. 적용: 첫 번째 도형을 바탕으로 두 번째의 굵은 띠를 올리고, 마지막 도형의 원과 가는 선을 가장 위에 놓습니다. 따라서 마지막 원이 아래의 띠나 선을 가리는 부분까지 일치해야 합니다. 검산: 보존할 요소와 가려질 요소를 각각 검산합니다."
T09-12,2,T09,도형 중첩·가림,5,T09-12-O1,1,b021d51620d8e5f35fe331ce4f95b67a651a2bb3217990311e954c0246ad3399,"규칙: 같은 중심에 도형을 겹치되 앞의 검은 면이 뒤쪽 선을 가립니다. 적용: 첫 번째 도형을 바탕으로 두 번째의 굵은 띠를 올리고, 마지막 도형의 원과 가는 선을 가장 위에 놓습니다. 따라서 마지막 원이 아래의 띠나 선을 가리는 부분까지 일치해야 합니다. 검산: 보존할 요소와 가려질 요소를 각각 검산합니다."
T09-13,2,T09,도형 중첩·가림,5,T09-13-O6,6,3d436273a183b9d49d8189612789681574c9433b08009efe7c1fd03699efedcf,"규칙: 같은 중심에 도형을 겹치되 앞의 검은 면이 뒤쪽 선을 가립니다. 적용: 첫 번째 도형을 바탕으로 두 번째의 굵은 띠를 올리고, 마지막 도형의 원과 가는 선을 가장 위에 놓습니다. 따라서 마지막 원이 아래의 띠나 선을 가리는 부분까지 일치해야 합니다. 검산: 보존할 요소와 가려질 요소를 각각 검산합니다."
T09-14,2,T09,도형 중첩·가림,5,T09-14-O6,6,4df23ffcb2a1ae550b4fb9ee81f5dabede0faae8331f85448e96f0ec0610c2dc,"규칙: 같은 중심에 도형을 겹치되 앞의 검은 면이 뒤쪽 선을 가립니다. 적용: 첫 번째 도형을 바탕으로 두 번째의 굵은 띠를 올리고, 마지막 도형의 원과 가는 선을 가장 위에 놓습니다. 따라서 마지막 원이 아래의 띠나 선을 가리는 부분까지 일치해야 합니다. 검산: 보존할 요소와 가려질 요소를 각각 검산합니다."
T09-15,2,T09,도형 중첩·가림,5,T09-15-O6,6,af0837c6e4f613cfabad2592bc91fffe7782a03b52989bad4238814ede032d5b,"규칙: 같은 중심에 도형을 겹치되 앞의 검은 면이 뒤쪽 선을 가립니다. 적용: 첫 번째 도형을 바탕으로 두 번째의 굵은 띠를 올리고, 마지막 도형의 원과 가는 선을 가장 위에 놓습니다. 따라서 마지막 원이 아래의 띠나 선을 가리는 부분까지 일치해야 합니다. 검산: 보존할 요소와 가려질 요소를 각각 검산합니다."
T09-16,4,T09,도형 중첩·가림,2,T09-16-O1,1,5ed3cd50f4163997dc1cd5e9a537b69a586d05148ef5f3633600dfa2b538c5a1,"규칙: 같은 중심에 도형을 겹치되 앞의 검은 면이 뒤쪽 선을 가립니다. 적용: 예시처럼 뒤 도형을 먼저 그리고, 검은 도형을 그 위에 놓습니다. 검은 도형 내부를 통과하는 뒤 윤곽선은 보이지 않아야 합니다. 검산: 앞 도형 안쪽을 지나가는 뒤 윤곽선은 보이지 않게 처리합니다."
T09-17,4,T09,도형 중첩·가림,4,T09-17-O2,2,bdfe04d499fbeb59ccc79183ec26e5bb664d13c99cef6f7ff3127d76cd6e880b,"규칙: 같은 중심에 도형을 겹치되 앞의 검은 면이 뒤쪽 선을 가립니다. 적용: 예시처럼 뒤 도형을 먼저 그리고, 검은 도형을 그 위에 놓습니다. 검은 도형 내부를 통과하는 뒤 윤곽선은 보이지 않아야 합니다. 검산: 앞 도형 안쪽을 지나가는 뒤 윤곽선은 보이지 않게 처리합니다."
T09-18,4,T09,도형 중첩·가림,5,T09-18-O3,3,363cc367d9614de5bfdd848b9f35fd9c1979bf0c5d048e781d1c863bdde9dcb0,"규칙: 같은 중심에 도형을 겹치되 앞의 검은 면이 뒤쪽 선을 가립니다. 적용: 예시처럼 뒤 도형을 먼저 그리고, 검은 도형을 그 위에 놓습니다. 검은 도형 내부를 통과하는 뒤 윤곽선은 보이지 않아야 합니다. 검산: 앞 도형 안쪽을 지나가는 뒤 윤곽선은 보이지 않게 처리합니다."
T09-19,4,T09,도형 중첩·가림,3,T09-19-O4,4,6a77317004b012abeac2e841f71ee676ab04cafe6ef5a172b04d9bcb7d394340,"규칙: 같은 중심에 도형을 겹치되 앞의 검은 면이 뒤쪽 선을 가립니다. 적용: 예시처럼 뒤 도형을 먼저 그리고, 검은 도형을 그 위에 놓습니다. 검은 도형 내부를 통과하는 뒤 윤곽선은 보이지 않아야 합니다. 검산: 앞 도형 안쪽을 지나가는 뒤 윤곽선은 보이지 않게 처리합니다."
T09-20,4,T09,도형 중첩·가림,4,T09-20-O5,5,84dc8df99616e27fbaa5b5ba092f77980c306c39fbe002ff111647cd98438dab,"규칙: 같은 중심에 도형을 겹치되 앞의 검은 면이 뒤쪽 선을 가립니다. 적용: 예시처럼 뒤 도형을 먼저 그리고, 검은 도형을 그 위에 놓습니다. 검은 도형 내부를 통과하는 뒤 윤곽선은 보이지 않아야 합니다. 검산: 앞 도형 안쪽을 지나가는 뒤 윤곽선은 보이지 않게 처리합니다."
T09-21,4,T09,도형 중첩·가림,5,T09-21-O6,6,fb4e818effa7d54d9129b7029939dd332e63b215b247c5e9ec1aa73bff17a7db,"규칙: 같은 중심에 도형을 겹치되 앞의 검은 면이 뒤쪽 선을 가립니다. 적용: 예시처럼 뒤 도형을 먼저 그리고, 검은 도형을 그 위에 놓습니다. 검은 도형 내부를 통과하는 뒤 윤곽선은 보이지 않아야 합니다. 검산: 앞 도형 안쪽을 지나가는 뒤 윤곽선은 보이지 않게 처리합니다."
T09-22,4,T09,도형 중첩·가림,2,T09-22-O1,1,d23cf28adcdfe5d61cbb45fd624b1d4293d1308ba3f45ea90039c683de7069cc,"규칙: 같은 중심에 도형을 겹치되 앞의 검은 면이 뒤쪽 선을 가립니다. 적용: 예시처럼 뒤 도형을 먼저 그리고, 검은 도형을 그 위에 놓습니다. 검은 도형 내부를 통과하는 뒤 윤곽선은 보이지 않아야 합니다. 검산: 앞 도형 안쪽을 지나가는 뒤 윤곽선은 보이지 않게 처리합니다."
T09-23,4,T09,도형 중첩·가림,4,T09-23-O2,2,293f772f31bfd6b04fce76f1a357e336ebd1c9f29da1a0c8163068a833e0f351,"규칙: 같은 중심에 도형을 겹치되 앞의 검은 면이 뒤쪽 선을 가립니다. 적용: 예시처럼 뒤 도형을 먼저 그리고, 검은 도형을 그 위에 놓습니다. 검은 도형 내부를 통과하는 뒤 윤곽선은 보이지 않아야 합니다. 검산: 앞 도형 안쪽을 지나가는 뒤 윤곽선은 보이지 않게 처리합니다."
T09-24,4,T09,도형 중첩·가림,5,T09-24-O3,3,d452ef796e80e344bda76fd71b436e983dbd170ce49d54ab3a850c78af3f63c4,"규칙: 같은 중심에 도형을 겹치되 앞의 검은 면이 뒤쪽 선을 가립니다. 적용: 예시처럼 뒤 도형을 먼저 그리고, 검은 도형을 그 위에 놓습니다. 검은 도형 내부를 통과하는 뒤 윤곽선은 보이지 않아야 합니다. 검산: 앞 도형 안쪽을 지나가는 뒤 윤곽선은 보이지 않게 처리합니다."
T09-25,4,T09,도형 중첩·가림,3,T09-25-O4,4,070438cce13adf28e505ab7fcac0e110b95c3e7fdbaa58926a2a2766fc3dd011,"규칙: 같은 중심에 도형을 겹치되 앞의 검은 면이 뒤쪽 선을 가립니다. 적용: 예시처럼 뒤 도형을 먼저 그리고, 검은 도형을 그 위에 놓습니다. 검은 도형 내부를 통과하는 뒤 윤곽선은 보이지 않아야 합니다. 검산: 앞 도형 안쪽을 지나가는 뒤 윤곽선은 보이지 않게 처리합니다."
T09-26,4,T09,도형 중첩·가림,4,T09-26-O5,5,a2861357641617e5d4517db8c1ea94e5a389479459575e52c33125871d51c9ac,"규칙: 같은 중심에 도형을 겹치되 앞의 검은 면이 뒤쪽 선을 가립니다. 적용: 예시처럼 뒤 도형을 먼저 그리고, 검은 도형을 그 위에 놓습니다. 검은 도형 내부를 통과하는 뒤 윤곽선은 보이지 않아야 합니다. 검산: 앞 도형 안쪽을 지나가는 뒤 윤곽선은 보이지 않게 처리합니다."
T09-27,4,T09,도형 중첩·가림,5,T09-27-O6,6,fc0d1f2c4e987caade1ba5a9784fc54200c363891cb28e5a0ffe4215e384538b,"규칙: 같은 중심에 도형을 겹치되 앞의 검은 면이 뒤쪽 선을 가립니다. 적용: 예시처럼 뒤 도형을 먼저 그리고, 검은 도형을 그 위에 놓습니다. 검은 도형 내부를 통과하는 뒤 윤곽선은 보이지 않아야 합니다. 검산: 앞 도형 안쪽을 지나가는 뒤 윤곽선은 보이지 않게 처리합니다."
T10-01,3,T10,기호 연산: 합집합·차집합·XOR,3,T10-01-O6,6,845f45742e737e691f4cd3062e9fccb0c0d1b8bb3af97e62eefb5c3ad3b900bf,"규칙: 예시에서 각 기호가 합집합·차집합·XOR 중 무엇인지 먼저 귀납합니다. 적용: 마지막 기호는 ⊕이며, 공통 요소는 지우고 한쪽에만 있는 요소를 남깁니다. 요소를 하나씩 체크한 결과가 정답입니다. 검산: 다른 연산 기호의 규칙을 섞지 않았는지 검산합니다."
T10-02,3,T10,기호 연산: 합집합·차집합·XOR,3,T10-02-O3,3,8e6d95954a529298bcfc89e1fe5bc51b2493636ea02e92757d10144b18a12cc6,"규칙: 예시에서 각 기호가 합집합·차집합·XOR 중 무엇인지 먼저 귀납합니다. 적용: 마지막 기호는 −이며, 왼쪽 그림에서 오른쪽과 공통인 요소를 제거합니다. 요소를 하나씩 체크한 결과가 정답입니다. 검산: 다른 연산 기호의 규칙을 섞지 않았는지 검산합니다."
T10-03,3,T10,기호 연산: 합집합·차집합·XOR,4,T10-03-O3,3,c39a942a8a571ef1fbd1e98c43e9b8920a6a6e0d263d6574475b9c0317b8cf5d,"규칙: 예시에서 각 기호가 합집합·차집합·XOR 중 무엇인지 먼저 귀납합니다. 적용: 마지막 기호는 +이며, 두 그림의 모든 요소를 합칩니다. 요소를 하나씩 체크한 결과가 정답입니다. 검산: 다른 연산 기호의 규칙을 섞지 않았는지 검산합니다."
T10-04,3,T10,기호 연산: 합집합·차집합·XOR,5,T10-04-O5,5,c6fbe81fc7713f070cfa05d20ba6ec1208184335326681d0ec7e91313bbff9c3,"규칙: 예시에서 각 기호가 합집합·차집합·XOR 중 무엇인지 먼저 귀납합니다. 적용: 마지막 기호는 ⊕이며, 공통 요소는 지우고 한쪽에만 있는 요소를 남깁니다. 요소를 하나씩 체크한 결과가 정답입니다. 검산: 다른 연산 기호의 규칙을 섞지 않았는지 검산합니다."
T10-05,3,T10,기호 연산: 합집합·차집합·XOR,5,T10-05-O1,1,6d4792e63cb07ec0215c09d13f0ea66bf75cfb17bfbde3e86269c1cc832ea7a5,"규칙: 예시에서 각 기호가 합집합·차집합·XOR 중 무엇인지 먼저 귀납합니다. 적용: 마지막 기호는 −이며, 왼쪽 그림에서 오른쪽과 공통인 요소를 제거합니다. 요소를 하나씩 체크한 결과가 정답입니다. 검산: 다른 연산 기호의 규칙을 섞지 않았는지 검산합니다."
T10-06,2,T10,기호 연산: 합집합·차집합·XOR,4,T10-06-O2,2,223438a565ec2f76525ce849a19898a26ac6bdef68fb7b5d4c0d97e6a7d5fc90,"규칙: 예시에서 각 기호가 합집합·차집합·XOR 중 무엇인지 먼저 귀납합니다. 적용: 예시를 비교하면 기호별 연산은 마름모 기호=합집합, 원 기호=대칭차(XOR), 삼각형 기호=왼쪽 차집합입니다. 마지막에는 마름모 기호의 규칙을 적용하면 왼쪽 위-오른쪽 아래 대각선, 검은 점, 가운데 가로선, 외곽 원, 외곽 사각형, 가운데 세로선가 남습니다. 검산: 다른 연산 기호의 규칙을 섞지 않았는지 검산합니다."
T10-07,2,T10,기호 연산: 합집합·차집합·XOR,4,T10-07-O3,3,b3b3df08163c7065199a4782c794941de4f4b903563f7e17b627749e05b4ddd8,"규칙: 예시에서 각 기호가 합집합·차집합·XOR 중 무엇인지 먼저 귀납합니다. 적용: 예시를 비교하면 기호별 연산은 마름모 기호=왼쪽 차집합, 원 기호=합집합, 삼각형 기호=대칭차(XOR)입니다. 마지막에는 원 기호의 규칙을 적용하면 왼쪽 위-오른쪽 아래 대각선, 마름모, 가운데 가로선, 외곽 원, 외곽 사각형, 작은 원, 가운데 세로선가 남습니다. 검산: 다른 연산 기호의 규칙을 섞지 않았는지 검산합니다."
T10-08,2,T10,기호 연산: 합집합·차집합·XOR,4,T10-08-O1,1,e2204f10b0b7ecef6658aa4ce59a68082750da48c62dd4b0a7e23968addaeff2,"규칙: 예시에서 각 기호가 합집합·차집합·XOR 중 무엇인지 먼저 귀납합니다. 적용: 예시를 비교하면 기호별 연산은 마름모 기호=왼쪽 차집합, 원 기호=대칭차(XOR), 삼각형 기호=합집합입니다. 마지막에는 삼각형 기호의 규칙을 적용하면 왼쪽 위-오른쪽 아래 대각선, 마름모, 검은 점, 외곽 원, 외곽 사각형, 작은 원, 가운데 세로선가 남습니다. 검산: 다른 연산 기호의 규칙을 섞지 않았는지 검산합니다."
T10-09,2,T10,기호 연산: 합집합·차집합·XOR,5,T10-09-O2,2,810960c9a76888da14ba0b46170e94ea0a4d3b00d953575319f04da9642d36b3,"규칙: 예시에서 각 기호가 합집합·차집합·XOR 중 무엇인지 먼저 귀납합니다. 적용: 예시를 비교하면 기호별 연산은 마름모 기호=합집합, 원 기호=왼쪽 차집합, 삼각형 기호=대칭차(XOR)입니다. 마지막에는 마름모 기호의 규칙을 적용하면 왼쪽 위-오른쪽 아래 대각선, 마름모, 검은 점, 외곽 원, 외곽 사각형, 작은 원가 남습니다. 검산: 다른 연산 기호의 규칙을 섞지 않았는지 검산합니다."
T10-10,2,T10,기호 연산: 합집합·차집합·XOR,5,T10-10-O2,2,7c91ec8bd9a6b300161ca53fd3f11d8217f21c2307a53d4f09b3a0abe3e1dfa9,"규칙: 예시에서 각 기호가 합집합·차집합·XOR 중 무엇인지 먼저 귀납합니다. 적용: 예시를 비교하면 기호별 연산은 마름모 기호=왼쪽 차집합, 원 기호=대칭차(XOR), 삼각형 기호=합집합입니다. 마지막에는 원 기호의 규칙을 적용하면 왼쪽 위-오른쪽 아래 대각선, 마름모, 가운데 가로선, 외곽 원, 작은 원, 가운데 세로선가 남습니다. 검산: 다른 연산 기호의 규칙을 섞지 않았는지 검산합니다."
T10-11,2,T10,기호 연산: 합집합·차집합·XOR,5,T10-11-O1,1,b4670d0409ba9d07a7c66b684e24c9c82f07c891c63930e324e7c356d7d10ce3,"규칙: 예시에서 각 기호가 합집합·차집합·XOR 중 무엇인지 먼저 귀납합니다. 적용: 예시를 비교하면 기호별 연산은 마름모 기호=대칭차(XOR), 원 기호=합집합, 삼각형 기호=왼쪽 차집합입니다. 마지막에는 삼각형 기호의 규칙을 적용하면 왼쪽 위-오른쪽 아래 대각선, 마름모, 검은 점가 남습니다. 검산: 다른 연산 기호의 규칙을 섞지 않았는지 검산합니다."
T10-12,2,T10,기호 연산: 합집합·차집합·XOR,5,T10-12-O6,6,225c497fb265701b38028733f74c719af7a99e2afb7e63555c4b709b0dc17cda,"규칙: 예시에서 각 기호가 합집합·차집합·XOR 중 무엇인지 먼저 귀납합니다. 적용: 예시를 비교하면 기호별 연산은 마름모 기호=대칭차(XOR), 원 기호=합집합, 삼각형 기호=왼쪽 차집합입니다. 마지막에는 마름모 기호의 규칙을 적용하면 왼쪽 아래-오른쪽 위 대각선, 검은 점, 외곽 사각형, 작은 원가 남습니다. 검산: 다른 연산 기호의 규칙을 섞지 않았는지 검산합니다."
T10-13,2,T10,기호 연산: 합집합·차집합·XOR,5,T10-13-O1,1,ffd6a1e42e30e94fd7275aea45b3ac511910c4b6f752ea224c13d56a0decfd09,"규칙: 예시에서 각 기호가 합집합·차집합·XOR 중 무엇인지 먼저 귀납합니다. 적용: 예시를 비교하면 기호별 연산은 마름모 기호=왼쪽 차집합, 원 기호=대칭차(XOR), 삼각형 기호=합집합입니다. 마지막에는 원 기호 연산 후 삼각형 기호 연산을 왼쪽부터 적용하면 왼쪽 위-오른쪽 아래 대각선, 왼쪽 아래-오른쪽 위 대각선, 마름모, 검은 점, 가운데 가로선, 외곽 원, 작은 원, 가운데 세로선가 남습니다. 검산: 다른 연산 기호의 규칙을 섞지 않았는지 검산합니다."
T10-14,2,T10,기호 연산: 합집합·차집합·XOR,5,T10-14-O5,5,e5ce0e4973d56b7da9d16ce5bacda2015bf6de8a9f4ccbe812e82049b7766d46,"규칙: 예시에서 각 기호가 합집합·차집합·XOR 중 무엇인지 먼저 귀납합니다. 적용: 예시를 비교하면 기호별 연산은 마름모 기호=왼쪽 차집합, 원 기호=합집합, 삼각형 기호=대칭차(XOR)입니다. 마지막에는 삼각형 기호 연산 후 마름모 기호 연산을 왼쪽부터 적용하면 가운데 가로선, 외곽 원, 가운데 세로선가 남습니다. 검산: 다른 연산 기호의 규칙을 섞지 않았는지 검산합니다."
T10-15,2,T10,기호 연산: 합집합·차집합·XOR,5,T10-15-O6,6,91d635ccccd0f8f80aff2fc0ea0c2e29136f93077a1572ecc71db822c12d754f,"규칙: 예시에서 각 기호가 합집합·차집합·XOR 중 무엇인지 먼저 귀납합니다. 적용: 예시를 비교하면 기호별 연산은 마름모 기호=합집합, 원 기호=대칭차(XOR), 삼각형 기호=왼쪽 차집합입니다. 마지막에는 마름모 기호 연산 후 원 기호 연산을 왼쪽부터 적용하면 마름모, 검은 점, 가운데 가로선, 외곽 사각형, 작은 원, 가운데 세로선가 남습니다. 검산: 다른 연산 기호의 규칙을 섞지 않았는지 검산합니다."
T10-16,4,T10,기호 연산: 합집합·차집합·XOR,2,T10-16-O1,1,c1a354bd34d44bc9fed7d31234672d821a5d6f4b38f285b8cb9da34bf52d25bd,규칙: 예시에서 각 기호가 합집합·차집합·XOR 중 무엇인지 먼저 귀납합니다. 적용: 두 예시에서 ◇는 합집합 연산임을 알 수 있습니다. 같은 연산을 마지막 두 선분 집합에 적용한 결과가 정답입니다. 검산: 같은 연산을 적용한 뒤 보기와 대조합니다.
T10-17,4,T10,기호 연산: 합집합·차집합·XOR,4,T10-17-O2,2,6a4287a763e139898b41a1d5b2d5a3950f8c28b5f764dfb2a003e0556f60ee1a,규칙: 예시에서 각 기호가 합집합·차집합·XOR 중 무엇인지 먼저 귀납합니다. 적용: 두 예시에서 ◇는 교집합 연산임을 알 수 있습니다. 같은 연산을 마지막 두 선분 집합에 적용한 결과가 정답입니다. 검산: 같은 연산을 적용한 뒤 보기와 대조합니다.
T10-18,4,T10,기호 연산: 합집합·차집합·XOR,5,T10-18-O3,3,bcb1b6689505e7683c2f6a6e1787350743aa21fdec198f7f2609134e64cc0c4d,규칙: 예시에서 각 기호가 합집합·차집합·XOR 중 무엇인지 먼저 귀납합니다. 적용: 두 예시에서 ◇는 왼쪽 차집합 연산임을 알 수 있습니다. 같은 연산을 마지막 두 선분 집합에 적용한 결과가 정답입니다. 검산: 같은 연산을 적용한 뒤 보기와 대조합니다.
T10-19,4,T10,기호 연산: 합집합·차집합·XOR,3,T10-19-O4,4,b027020189cd75893916ee2e19e44b9b92d41c0e66e9c66ab7193f55cbd2dfb0,규칙: 예시에서 각 기호가 합집합·차집합·XOR 중 무엇인지 먼저 귀납합니다. 적용: 두 예시에서 ◇는 대칭차(XOR) 연산임을 알 수 있습니다. 같은 연산을 마지막 두 선분 집합에 적용한 결과가 정답입니다. 검산: 같은 연산을 적용한 뒤 보기와 대조합니다.
T10-20,4,T10,기호 연산: 합집합·차집합·XOR,4,T10-20-O5,5,61f978f9c531d869079eb24f13baf9b5bf44613c18abf22d31c02f6b00e46d39,규칙: 예시에서 각 기호가 합집합·차집합·XOR 중 무엇인지 먼저 귀납합니다. 적용: 두 예시에서 ◇는 합집합 연산임을 알 수 있습니다. 같은 연산을 마지막 두 선분 집합에 적용한 결과가 정답입니다. 검산: 같은 연산을 적용한 뒤 보기와 대조합니다.
T10-21,4,T10,기호 연산: 합집합·차집합·XOR,5,T10-21-O6,6,0e007ed2cd6c632783187f36402816f35ff624f7b2c91c604fa7ce5cc388dd08,규칙: 예시에서 각 기호가 합집합·차집합·XOR 중 무엇인지 먼저 귀납합니다. 적용: 두 예시에서 ◇는 교집합 연산임을 알 수 있습니다. 같은 연산을 마지막 두 선분 집합에 적용한 결과가 정답입니다. 검산: 같은 연산을 적용한 뒤 보기와 대조합니다.
T10-22,4,T10,기호 연산: 합집합·차집합·XOR,2,T10-22-O1,1,d7e6923b35003ba0d50c9b5b6a1595584bdd418bad165ae8d7d1c33782601796,규칙: 예시에서 각 기호가 합집합·차집합·XOR 중 무엇인지 먼저 귀납합니다. 적용: 두 예시에서 ◇는 왼쪽 차집합 연산임을 알 수 있습니다. 같은 연산을 마지막 두 선분 집합에 적용한 결과가 정답입니다. 검산: 같은 연산을 적용한 뒤 보기와 대조합니다.
T10-23,4,T10,기호 연산: 합집합·차집합·XOR,4,T10-23-O2,2,13cb205ad58adb58fee23c815d9437df314500fbf154c4f603640cbfc53d4172,규칙: 예시에서 각 기호가 합집합·차집합·XOR 중 무엇인지 먼저 귀납합니다. 적용: 두 예시에서 ◇는 대칭차(XOR) 연산임을 알 수 있습니다. 같은 연산을 마지막 두 선분 집합에 적용한 결과가 정답입니다. 검산: 같은 연산을 적용한 뒤 보기와 대조합니다.
T10-24,4,T10,기호 연산: 합집합·차집합·XOR,5,T10-24-O3,3,5ed6bce892aeb802cf5daef96fc8e52d1cd6f78be1aaa8e44ad383464bfc6b14,규칙: 예시에서 각 기호가 합집합·차집합·XOR 중 무엇인지 먼저 귀납합니다. 적용: 두 예시에서 ◇는 합집합 연산임을 알 수 있습니다. 같은 연산을 마지막 두 선분 집합에 적용한 결과가 정답입니다. 검산: 같은 연산을 적용한 뒤 보기와 대조합니다.
T10-25,4,T10,기호 연산: 합집합·차집합·XOR,3,T10-25-O4,4,5d51e8c5c75af1817c1695f7f89fa72a7cec4c98c5fb27201aafa43e5d3a9dad,규칙: 예시에서 각 기호가 합집합·차집합·XOR 중 무엇인지 먼저 귀납합니다. 적용: 두 예시에서 ◇는 교집합 연산임을 알 수 있습니다. 같은 연산을 마지막 두 선분 집합에 적용한 결과가 정답입니다. 검산: 같은 연산을 적용한 뒤 보기와 대조합니다.
T10-26,4,T10,기호 연산: 합집합·차집합·XOR,4,T10-26-O5,5,79681874afd56d159040134750a3010cefb0c21bf806cb674d3c4ab7249b302f,규칙: 예시에서 각 기호가 합집합·차집합·XOR 중 무엇인지 먼저 귀납합니다. 적용: 두 예시에서 ◇는 왼쪽 차집합 연산임을 알 수 있습니다. 같은 연산을 마지막 두 선분 집합에 적용한 결과가 정답입니다. 검산: 같은 연산을 적용한 뒤 보기와 대조합니다.
T10-27,4,T10,기호 연산: 합집합·차집합·XOR,5,T10-27-O6,6,51d3eba4a0e8c43b83deebd2bbe93ad4b9dda57e1de1c3b1a34fe56bb9ad972f,규칙: 예시에서 각 기호가 합집합·차집합·XOR 중 무엇인지 먼저 귀납합니다. 적용: 두 예시에서 ◇는 대칭차(XOR) 연산임을 알 수 있습니다. 같은 연산을 마지막 두 선분 집합에 적용한 결과가 정답입니다. 검산: 같은 연산을 적용한 뒤 보기와 대조합니다.
T11-01,3,T11,색상별 크기 짝맞추기,2,T11-01-O3,3,9ca91290368eb782036c58bbda59054ae99355d5a05c0ee3662100ff34ea5ead,"규칙: 색상별 등장 빈도와 크기 조합을 분리해 빠진 조합을 찾습니다. 적용: 세 색은 각각 정확히 두 번 등장하며, 한 번은 큰 원이고 한 번은 작은 원입니다. 따라서 빠진 것은 파란색 작은 원입니다. 검산: 색과 크기가 모두 빠진 조합인지 검산합니다."
T11-02,3,T11,색상별 크기 짝맞추기,2,T11-02-O1,1,f862a30275bc2831b9ec12e32eb001c04f7095c39f5522b3f6bfc2ba18fab67c,"규칙: 색상별 등장 빈도와 크기 조합을 분리해 빠진 조합을 찾습니다. 적용: 세 색은 각각 정확히 두 번 등장하며, 한 번은 큰 원이고 한 번은 작은 원입니다. 따라서 빠진 것은 초록색 작은 원입니다. 검산: 색과 크기가 모두 빠진 조합인지 검산합니다."
T11-03,3,T11,색상별 크기 짝맞추기,3,T11-03-O3,3,019be8538a580b07d95c32b8a3c814b1b3866fc4394d53e71fe0c1e49ac5b604,"규칙: 색상별 등장 빈도와 크기 조합을 분리해 빠진 조합을 찾습니다. 적용: 세 색은 각각 정확히 두 번 등장하며, 한 번은 큰 원이고 한 번은 작은 원입니다. 따라서 빠진 것은 빨간색 작은 원입니다. 검산: 색과 크기가 모두 빠진 조합인지 검산합니다."
T11-04,3,T11,색상별 크기 짝맞추기,4,T11-04-O3,3,e0ac42862ed3ce68cf41372febd923bcd1fc3ef49afc196f335ede191044a18e,"규칙: 색상별 등장 빈도와 크기 조합을 분리해 빠진 조합을 찾습니다. 적용: 세 색은 각각 정확히 두 번 등장하며, 한 번은 큰 원이고 한 번은 작은 원입니다. 따라서 빠진 것은 초록색 큰 원입니다. 검산: 색과 크기가 모두 빠진 조합인지 검산합니다."
T11-05,3,T11,색상별 크기 짝맞추기,4,T11-05-O6,6,429b01fb6abca868a99a9af83d53e4e3cce353a4fb1bf9167d144e3f5776d412,"규칙: 색상별 등장 빈도와 크기 조합을 분리해 빠진 조합을 찾습니다. 적용: 세 색은 각각 정확히 두 번 등장하며, 한 번은 큰 원이고 한 번은 작은 원입니다. 따라서 빠진 것은 빨간색 큰 원입니다. 검산: 색과 크기가 모두 빠진 조합인지 검산합니다."
T11-06,2,T11,색상별 크기 짝맞추기,3,T11-06-O2,2,d007edc7d159c2e7c96f81e6cfcd4f4504a0bc4ad18664067867570164f22404,규칙: 색상별 등장 빈도와 크기 조합을 분리해 빠진 조합을 찾습니다. 적용: 빨간색에는 큰 원만 빠져 있으므로 해당 조합이 정답입니다. 검산: 색과 크기가 모두 빠진 조합인지 검산합니다.
T11-07,2,T11,색상별 크기 짝맞추기,3,T11-07-O1,1,207b260e949d41be5205e63c49f10c24b394c67105fe95bfbd664e3b1210ee48,규칙: 색상별 등장 빈도와 크기 조합을 분리해 빠진 조합을 찾습니다. 적용: 초록색에는 중간 원만 빠져 있으므로 해당 조합이 정답입니다. 검산: 색과 크기가 모두 빠진 조합인지 검산합니다.
T11-08,2,T11,색상별 크기 짝맞추기,3,T11-08-O5,5,8d58e3c994e0149782d9edbdcb4d17cfea3bbeff50abb6763d84000eb69b158e,규칙: 색상별 등장 빈도와 크기 조합을 분리해 빠진 조합을 찾습니다. 적용: 빨간색에는 작은 원만 빠져 있으므로 해당 조합이 정답입니다. 검산: 색과 크기가 모두 빠진 조합인지 검산합니다.
T11-09,2,T11,색상별 크기 짝맞추기,4,T11-09-O1,1,f87a826d701c0686856487ef25412b1a8f32e7f321bf95b62fec43cf03780b85,규칙: 색상별 등장 빈도와 크기 조합을 분리해 빠진 조합을 찾습니다. 적용: 파란색에는 큰 원만 빠져 있으므로 해당 조합이 정답입니다. 검산: 색과 크기가 모두 빠진 조합인지 검산합니다.
T11-10,2,T11,색상별 크기 짝맞추기,4,T11-10-O2,2,5826c17d39a556456c0280341641e66ba519a02948f04c6350c462453f5fd624,규칙: 색상별 등장 빈도와 크기 조합을 분리해 빠진 조합을 찾습니다. 적용: 보라색에는 중간 원만 빠져 있으므로 해당 조합이 정답입니다. 검산: 색과 크기가 모두 빠진 조합인지 검산합니다.
T11-11,2,T11,색상별 크기 짝맞추기,4,T11-11-O2,2,b0068b2eb8a4c614d39f637f3f561f36464a5cc6859527d930e401df92ea0d22,규칙: 색상별 등장 빈도와 크기 조합을 분리해 빠진 조합을 찾습니다. 적용: 파란색에는 작은 원만 빠져 있으므로 해당 조합이 정답입니다. 검산: 색과 크기가 모두 빠진 조합인지 검산합니다.
T11-12,2,T11,색상별 크기 짝맞추기,4,T11-12-O6,6,b4e0ce9c1fa48b3b16101b84c3d93b956c513ea9ca4d913d0de82c91567ffeb6,규칙: 색상별 등장 빈도와 크기 조합을 분리해 빠진 조합을 찾습니다. 적용: 초록색에는 큰 원만 빠져 있으므로 해당 조합이 정답입니다. 검산: 색과 크기가 모두 빠진 조합인지 검산합니다.
T11-13,2,T11,색상별 크기 짝맞추기,5,T11-13-O4,4,bee96cef650fcc618a1073bcf8d59c58d527a1699d4a0464c1bdc8999ecc65cd,규칙: 색상별 등장 빈도와 크기 조합을 분리해 빠진 조합을 찾습니다. 적용: 빨간색에는 중간 원만 빠져 있으므로 해당 조합이 정답입니다. 검산: 색과 크기가 모두 빠진 조합인지 검산합니다.
T11-14,2,T11,색상별 크기 짝맞추기,5,T11-14-O4,4,845a5cd7b85a3b94b41e8e9e5f5bea313c55bf7cbedde592e330fb3a3a37862a,규칙: 색상별 등장 빈도와 크기 조합을 분리해 빠진 조합을 찾습니다. 적용: 초록색에는 작은 원만 빠져 있으므로 해당 조합이 정답입니다. 검산: 색과 크기가 모두 빠진 조합인지 검산합니다.
T11-15,2,T11,색상별 크기 짝맞추기,5,T11-15-O1,1,9ed271e4307577035f8524c04cc362438a17bb13d9214a2d2853183d940fc9e4,규칙: 색상별 등장 빈도와 크기 조합을 분리해 빠진 조합을 찾습니다. 적용: 보라색에는 큰 원만 빠져 있으므로 해당 조합이 정답입니다. 검산: 색과 크기가 모두 빠진 조합인지 검산합니다.
T11-16,4,T11,색상별 크기 짝맞추기,2,T11-16-O1,1,84acdf1be47d915f6e75ac9056c613f75281483b16fcf18b864a92dc128ce57d,규칙: 색상별 등장 빈도와 크기 조합을 분리해 빠진 조합을 찾습니다. 적용: 각 행과 열에서 세 색과 세 크기가 각각 한 번씩 나타납니다. 빈칸에는 큰 주황 원이 들어갑니다. 검산: 두 조건을 함께 만족하는 것은 큰 주황 원입니다.
T11-17,4,T11,색상별 크기 짝맞추기,4,T11-17-O2,2,585be176fcc150be094dce83dc0d5e5a2e2820e080e228c61dd8186df99290d0,규칙: 색상별 등장 빈도와 크기 조합을 분리해 빠진 조합을 찾습니다. 적용: 각 행과 열에서 세 색과 세 크기가 각각 한 번씩 나타납니다. 빈칸에는 작은 파랑 원이 들어갑니다. 검산: 두 조건을 함께 만족하는 것은 작은 파랑 원입니다.
T11-18,4,T11,색상별 크기 짝맞추기,5,T11-18-O3,3,ccdbdc9db850e44c480f8011092cc93830e7dc6e4c760554d924fc170ef37994,규칙: 색상별 등장 빈도와 크기 조합을 분리해 빠진 조합을 찾습니다. 적용: 각 행과 열에서 세 색과 세 크기가 각각 한 번씩 나타납니다. 빈칸에는 중간 초록 원이 들어갑니다. 검산: 두 조건을 함께 만족하는 것은 중간 초록 원입니다.
T11-19,4,T11,색상별 크기 짝맞추기,3,T11-19-O4,4,4d4ea148d895b54c7f9dae3f6e42b209216e1914beeff973bb6dfd72bb5129b7,규칙: 색상별 등장 빈도와 크기 조합을 분리해 빠진 조합을 찾습니다. 적용: 각 행과 열에서 세 색과 세 크기가 각각 한 번씩 나타납니다. 빈칸에는 중간 초록 원이 들어갑니다. 검산: 두 조건을 함께 만족하는 것은 중간 초록 원입니다.
T11-20,4,T11,색상별 크기 짝맞추기,4,T11-20-O5,5,1ec353387ccfd19e2d074e18b45b9ee8ec62c00cdaf9f4ce76889d0c8c7975f2,규칙: 색상별 등장 빈도와 크기 조합을 분리해 빠진 조합을 찾습니다. 적용: 각 행과 열에서 세 색과 세 크기가 각각 한 번씩 나타납니다. 빈칸에는 작은 초록 원이 들어갑니다. 검산: 두 조건을 함께 만족하는 것은 작은 초록 원입니다.
T11-21,4,T11,색상별 크기 짝맞추기,5,T11-21-O6,6,d32760c20e475735633d32c782eb0069aa1a8dc03a35767bfd0d5d42cc3e2eab,규칙: 색상별 등장 빈도와 크기 조합을 분리해 빠진 조합을 찾습니다. 적용: 각 행과 열에서 세 색과 세 크기가 각각 한 번씩 나타납니다. 빈칸에는 큰 초록 원이 들어갑니다. 검산: 두 조건을 함께 만족하는 것은 큰 초록 원입니다.
T11-22,4,T11,색상별 크기 짝맞추기,2,T11-22-O1,1,69a19728f28ea496c7fd7ed3c4f55f3ff56f8c098626580c8683f3e12636328c,규칙: 색상별 등장 빈도와 크기 조합을 분리해 빠진 조합을 찾습니다. 적용: 각 행과 열에서 세 색과 세 크기가 각각 한 번씩 나타납니다. 빈칸에는 중간 주황 원이 들어갑니다. 검산: 두 조건을 함께 만족하는 것은 중간 주황 원입니다.
T11-23,4,T11,색상별 크기 짝맞추기,4,T11-23-O2,2,3593512662ac31a4e5c0fd639105cfeb743545caff1dfddf6fd47a2342311f7f,규칙: 색상별 등장 빈도와 크기 조합을 분리해 빠진 조합을 찾습니다. 적용: 각 행과 열에서 세 색과 세 크기가 각각 한 번씩 나타납니다. 빈칸에는 작은 주황 원이 들어갑니다. 검산: 두 조건을 함께 만족하는 것은 작은 주황 원입니다.
T11-24,4,T11,색상별 크기 짝맞추기,5,T11-24-O3,3,b88ce8753fda9a88bde2310495a0e4b88cf13fadc1b702dbfbf2336043dc0c2b,규칙: 색상별 등장 빈도와 크기 조합을 분리해 빠진 조합을 찾습니다. 적용: 각 행과 열에서 세 색과 세 크기가 각각 한 번씩 나타납니다. 빈칸에는 큰 주황 원이 들어갑니다. 검산: 두 조건을 함께 만족하는 것은 큰 주황 원입니다.
T11-25,4,T11,색상별 크기 짝맞추기,3,T11-25-O4,4,521239dc532562dd8dc01517f22b39538b0fd02b2ba3ebf9d9f0c91657198377,규칙: 색상별 등장 빈도와 크기 조합을 분리해 빠진 조합을 찾습니다. 적용: 각 행과 열에서 세 색과 세 크기가 각각 한 번씩 나타납니다. 빈칸에는 중간 주황 원이 들어갑니다. 검산: 두 조건을 함께 만족하는 것은 중간 주황 원입니다.
T11-26,4,T11,색상별 크기 짝맞추기,4,T11-26-O5,5,02a586b7f1ad0faf35277eb54a4aee2099c161ae2dd5a0976dfdb9fbbf7c858f,규칙: 색상별 등장 빈도와 크기 조합을 분리해 빠진 조합을 찾습니다. 적용: 각 행과 열에서 세 색과 세 크기가 각각 한 번씩 나타납니다. 빈칸에는 작은 파랑 원이 들어갑니다. 검산: 두 조건을 함께 만족하는 것은 작은 파랑 원입니다.
T11-27,4,T11,색상별 크기 짝맞추기,5,T11-27-O6,6,7486a479331fa1ab04e7f5bfc78e47ab1efc732fb3f008189f46950e3f60db6a,규칙: 색상별 등장 빈도와 크기 조합을 분리해 빠진 조합을 찾습니다. 적용: 각 행과 열에서 세 색과 세 크기가 각각 한 번씩 나타납니다. 빈칸에는 중간 초록 원이 들어갑니다. 검산: 두 조건을 함께 만족하는 것은 중간 초록 원입니다.
T12-01,3,T12,입체선+평면무늬 중첩,3,T12-01-O3,3,5c1c5c8e518599da7ac1ca5e87622fecc1242114040523609a6c089b2c1db946,"규칙: 입체선과 평면무늬를 같은 중심·크기로 정렬해 모든 보이는 선을 합칩니다. 적용: 중복된 외곽선은 한 번만 보이지만, 입체를 나타내는 모든 모서리와 평면무늬의 모든 내부선은 그대로 남습니다. 검산: 전체 인상보다 누락된 선이 없는지 검산합니다."
T12-02,3,T12,입체선+평면무늬 중첩,3,T12-02-O2,2,310e1e92aebc9a4441b515dd600035723c5a9d76cb818df199825173b3996455,"규칙: 입체선과 평면무늬를 같은 중심·크기로 정렬해 모든 보이는 선을 합칩니다. 적용: 중복된 외곽선은 한 번만 보이지만, 입체를 나타내는 모든 모서리와 평면무늬의 모든 내부선은 그대로 남습니다. 검산: 전체 인상보다 누락된 선이 없는지 검산합니다."
T12-03,3,T12,입체선+평면무늬 중첩,4,T12-03-O1,1,f3aaf13c2e340981b9a18d896681f72ce5ab575a10af05205dd328cc5d6892d4,"규칙: 입체선과 평면무늬를 같은 중심·크기로 정렬해 모든 보이는 선을 합칩니다. 적용: 중복된 외곽선은 한 번만 보이지만, 입체를 나타내는 모든 모서리와 평면무늬의 모든 내부선은 그대로 남습니다. 검산: 전체 인상보다 누락된 선이 없는지 검산합니다."
T12-04,3,T12,입체선+평면무늬 중첩,5,T12-04-O3,3,5d0a29cbaf32acfa87119fb7ee79c2a66a705244a61ebb9c4e25c83d1d83a042,"규칙: 입체선과 평면무늬를 같은 중심·크기로 정렬해 모든 보이는 선을 합칩니다. 적용: 중복된 외곽선은 한 번만 보이지만, 입체를 나타내는 모든 모서리와 평면무늬의 모든 내부선은 그대로 남습니다. 검산: 전체 인상보다 누락된 선이 없는지 검산합니다."
T12-05,3,T12,입체선+평면무늬 중첩,5,T12-05-O1,1,1cb1110c3f42d180124b3e765ea31880ada9cdcca5b1b4f4b6eaa7c349f5897c,"규칙: 입체선과 평면무늬를 같은 중심·크기로 정렬해 모든 보이는 선을 합칩니다. 적용: 중복된 외곽선은 한 번만 보이지만, 입체를 나타내는 모든 모서리와 평면무늬의 모든 내부선은 그대로 남습니다. 검산: 전체 인상보다 누락된 선이 없는지 검산합니다."
T12-06,2,T12,입체선+평면무늬 중첩,4,T12-06-O3,3,8aa0a83020bb97a0f109d7cf7f66f68de0009de77233986f384079355c9cb3e2,규칙: 입체선과 평면무늬를 같은 중심·크기로 정렬해 모든 보이는 선을 합칩니다. 적용: 입체 외곽·윗면·옆면 선과 평면 무늬의 내부 선을 모두 한 번씩 유지해야 합니다. 보기에서 빠진 선이나 추가된 선이 없는지 확인합니다. 검산: 전체 인상보다 누락된 선이 없는지 검산합니다.
T12-07,2,T12,입체선+평면무늬 중첩,4,T12-07-O6,6,9db821d6d5b0f20cd6d36b8978153f53ccfec998d4b24baf48566f4fdc761bec,규칙: 입체선과 평면무늬를 같은 중심·크기로 정렬해 모든 보이는 선을 합칩니다. 적용: 입체 외곽·윗면·옆면 선과 평면 무늬의 내부 선을 모두 한 번씩 유지해야 합니다. 보기에서 빠진 선이나 추가된 선이 없는지 확인합니다. 검산: 전체 인상보다 누락된 선이 없는지 검산합니다.
T12-08,2,T12,입체선+평면무늬 중첩,4,T12-08-O6,6,2c215a6cb94f3986d6422b98b6df5ec281a5e95e2e5cf7dbb489b7eaefb3d018,규칙: 입체선과 평면무늬를 같은 중심·크기로 정렬해 모든 보이는 선을 합칩니다. 적용: 입체 외곽·윗면·옆면 선과 평면 무늬의 내부 선을 모두 한 번씩 유지해야 합니다. 보기에서 빠진 선이나 추가된 선이 없는지 확인합니다. 검산: 전체 인상보다 누락된 선이 없는지 검산합니다.
T12-09,2,T12,입체선+평면무늬 중첩,5,T12-09-O3,3,3fe18ce51b2df10ed25a8df9faf80603997fd9907f4e2b482e899aab2db21fa5,규칙: 입체선과 평면무늬를 같은 중심·크기로 정렬해 모든 보이는 선을 합칩니다. 적용: 입체 외곽·윗면·옆면 선과 평면 무늬의 내부 선을 모두 한 번씩 유지해야 합니다. 보기에서 빠진 선이나 추가된 선이 없는지 확인합니다. 검산: 전체 인상보다 누락된 선이 없는지 검산합니다.
T12-10,2,T12,입체선+평면무늬 중첩,5,T12-10-O4,4,a99c28ac0df08df2c6f2e90d5e7de953baf1e282320272106b51e4665a6b8c67,규칙: 입체선과 평면무늬를 같은 중심·크기로 정렬해 모든 보이는 선을 합칩니다. 적용: 입체 외곽·윗면·옆면 선과 평면 무늬의 내부 선을 모두 한 번씩 유지해야 합니다. 보기에서 빠진 선이나 추가된 선이 없는지 확인합니다. 검산: 전체 인상보다 누락된 선이 없는지 검산합니다.
T12-11,2,T12,입체선+평면무늬 중첩,5,T12-11-O1,1,5e952e655e9541e5c966c510e4328fbbfd3ae2d6bcb687e546695629f319c169,규칙: 입체선과 평면무늬를 같은 중심·크기로 정렬해 모든 보이는 선을 합칩니다. 적용: 입체 외곽·윗면·옆면 선과 평면 무늬의 내부 선을 모두 한 번씩 유지해야 합니다. 보기에서 빠진 선이나 추가된 선이 없는지 확인합니다. 검산: 전체 인상보다 누락된 선이 없는지 검산합니다.
T12-12,2,T12,입체선+평면무늬 중첩,5,T12-12-O5,5,e05dacfd6c08119922e630eb7921009304d4f2736b3dabb23f33a48d8caf4d27,규칙: 입체선과 평면무늬를 같은 중심·크기로 정렬해 모든 보이는 선을 합칩니다. 적용: 입체 외곽·윗면·옆면 선과 평면 무늬의 내부 선을 모두 한 번씩 유지해야 합니다. 보기에서 빠진 선이나 추가된 선이 없는지 확인합니다. 검산: 전체 인상보다 누락된 선이 없는지 검산합니다.
T12-13,2,T12,입체선+평면무늬 중첩,5,T12-13-O2,2,00785f4a79fb2e9ca3c32acd69c2146d9c5428c8c23b8f4dceb8a037e13f834e,규칙: 입체선과 평면무늬를 같은 중심·크기로 정렬해 모든 보이는 선을 합칩니다. 적용: 입체 외곽·윗면·옆면 선과 평면 무늬의 내부 선을 모두 한 번씩 유지해야 합니다. 보기에서 빠진 선이나 추가된 선이 없는지 확인합니다. 검산: 전체 인상보다 누락된 선이 없는지 검산합니다.
T12-14,2,T12,입체선+평면무늬 중첩,5,T12-14-O2,2,39eea68782dedfff255c0607ae68a2fa35ff01d8dde455240d893bc5f5d2e331,규칙: 입체선과 평면무늬를 같은 중심·크기로 정렬해 모든 보이는 선을 합칩니다. 적용: 입체 외곽·윗면·옆면 선과 평면 무늬의 내부 선을 모두 한 번씩 유지해야 합니다. 보기에서 빠진 선이나 추가된 선이 없는지 확인합니다. 검산: 전체 인상보다 누락된 선이 없는지 검산합니다.
T12-15,2,T12,입체선+평면무늬 중첩,5,T12-15-O4,4,074de03303f8c3df476d8c2261fc127c2707d1ad1a52ebad061da3760b265455,규칙: 입체선과 평면무늬를 같은 중심·크기로 정렬해 모든 보이는 선을 합칩니다. 적용: 입체 외곽·윗면·옆면 선과 평면 무늬의 내부 선을 모두 한 번씩 유지해야 합니다. 보기에서 빠진 선이나 추가된 선이 없는지 확인합니다. 검산: 전체 인상보다 누락된 선이 없는지 검산합니다.
T12-16,4,T12,입체선+평면무늬 중첩,2,T12-16-O1,1,f11a5c0f0b7cf8c4d56c0f3540e419db192bfda51d9633ffae7ff680bf996fb1,규칙: 입체선과 평면무늬를 같은 중심·크기로 정렬해 모든 보이는 선을 합칩니다. 적용: 두 선 구조는 같은 투명 입체 위에 놓여 있습니다. 시점은 바뀌지 않으므로 대응하는 모서리를 그대로 합집합으로 모으면 됩니다. 검산: 입체의 앞·뒤 대각 방향 모서리를 혼동하지 않았는지 확인합니다.
T12-17,4,T12,입체선+평면무늬 중첩,4,T12-17-O2,2,a813fda5a903cbfad6d268403688cbab00b32387da491d757a40194c32622837,규칙: 입체선과 평면무늬를 같은 중심·크기로 정렬해 모든 보이는 선을 합칩니다. 적용: 두 선 구조는 같은 투명 입체 위에 놓여 있습니다. 시점은 바뀌지 않으므로 대응하는 모서리를 그대로 합집합으로 모으면 됩니다. 검산: 입체의 앞·뒤 대각 방향 모서리를 혼동하지 않았는지 확인합니다.
T12-18,4,T12,입체선+평면무늬 중첩,5,T12-18-O3,3,6fffaea9ebd57e9a98fd10934955066bc1b114c99ca7600f575a89d52d6c337b,규칙: 입체선과 평면무늬를 같은 중심·크기로 정렬해 모든 보이는 선을 합칩니다. 적용: 두 선 구조는 같은 투명 입체 위에 놓여 있습니다. 시점은 바뀌지 않으므로 대응하는 모서리를 그대로 합집합으로 모으면 됩니다. 검산: 입체의 앞·뒤 대각 방향 모서리를 혼동하지 않았는지 확인합니다.
T12-19,4,T12,입체선+평면무늬 중첩,3,T12-19-O4,4,39cc2a38ebc86a87074df77bdae498445252dd19f444c674b3062a3ff610bf21,규칙: 입체선과 평면무늬를 같은 중심·크기로 정렬해 모든 보이는 선을 합칩니다. 적용: 두 선 구조는 같은 투명 입체 위에 놓여 있습니다. 시점은 바뀌지 않으므로 대응하는 모서리를 그대로 합집합으로 모으면 됩니다. 검산: 입체의 앞·뒤 대각 방향 모서리를 혼동하지 않았는지 확인합니다.
T12-20,4,T12,입체선+평면무늬 중첩,4,T12-20-O5,5,ae95613a38bcb73b84e55e8cb9935d04ac9345e95e09480324fd4abc8c31ac79,규칙: 입체선과 평면무늬를 같은 중심·크기로 정렬해 모든 보이는 선을 합칩니다. 적용: 두 선 구조는 같은 투명 입체 위에 놓여 있습니다. 시점은 바뀌지 않으므로 대응하는 모서리를 그대로 합집합으로 모으면 됩니다. 검산: 입체의 앞·뒤 대각 방향 모서리를 혼동하지 않았는지 확인합니다.
T12-21,4,T12,입체선+평면무늬 중첩,5,T12-21-O6,6,64af18730ac39b78adc7ca36a47a8399b0b1668f524a501995dee8e91d6fdd44,규칙: 입체선과 평면무늬를 같은 중심·크기로 정렬해 모든 보이는 선을 합칩니다. 적용: 두 선 구조는 같은 투명 입체 위에 놓여 있습니다. 시점은 바뀌지 않으므로 대응하는 모서리를 그대로 합집합으로 모으면 됩니다. 검산: 입체의 앞·뒤 대각 방향 모서리를 혼동하지 않았는지 확인합니다.
T12-22,4,T12,입체선+평면무늬 중첩,2,T12-22-O1,1,4fda1853aa63759f9a59c5ea3acad45b58ad96538196080203e3e09e5ce4ee46,규칙: 입체선과 평면무늬를 같은 중심·크기로 정렬해 모든 보이는 선을 합칩니다. 적용: 두 선 구조는 같은 투명 입체 위에 놓여 있습니다. 시점은 바뀌지 않으므로 대응하는 모서리를 그대로 합집합으로 모으면 됩니다. 검산: 입체의 앞·뒤 대각 방향 모서리를 혼동하지 않았는지 확인합니다.
T12-23,4,T12,입체선+평면무늬 중첩,4,T12-23-O2,2,4dce3a35740fd13eced15b46e825f533e7e7bca23e0a5f09dfb277541332d66b,규칙: 입체선과 평면무늬를 같은 중심·크기로 정렬해 모든 보이는 선을 합칩니다. 적용: 두 선 구조는 같은 투명 입체 위에 놓여 있습니다. 시점은 바뀌지 않으므로 대응하는 모서리를 그대로 합집합으로 모으면 됩니다. 검산: 입체의 앞·뒤 대각 방향 모서리를 혼동하지 않았는지 확인합니다.
T12-24,4,T12,입체선+평면무늬 중첩,5,T12-24-O3,3,a3fd363f39485f0d5a52fbd9674c0342eba78b37550457a0ce3e695f1d10665f,규칙: 입체선과 평면무늬를 같은 중심·크기로 정렬해 모든 보이는 선을 합칩니다. 적용: 두 선 구조는 같은 투명 입체 위에 놓여 있습니다. 시점은 바뀌지 않으므로 대응하는 모서리를 그대로 합집합으로 모으면 됩니다. 검산: 입체의 앞·뒤 대각 방향 모서리를 혼동하지 않았는지 확인합니다.
T12-25,4,T12,입체선+평면무늬 중첩,3,T12-25-O4,4,fb713c00b4535448de4195f45cf266a20d27e9752be7fc0c428ca26b69dab354,규칙: 입체선과 평면무늬를 같은 중심·크기로 정렬해 모든 보이는 선을 합칩니다. 적용: 두 선 구조는 같은 투명 입체 위에 놓여 있습니다. 시점은 바뀌지 않으므로 대응하는 모서리를 그대로 합집합으로 모으면 됩니다. 검산: 입체의 앞·뒤 대각 방향 모서리를 혼동하지 않았는지 확인합니다.
T12-26,4,T12,입체선+평면무늬 중첩,4,T12-26-O5,5,69b4faf1cf868c3af8ee1146be093dbd00b7a4604ae7934ea0b63bc897927050,규칙: 입체선과 평면무늬를 같은 중심·크기로 정렬해 모든 보이는 선을 합칩니다. 적용: 두 선 구조는 같은 투명 입체 위에 놓여 있습니다. 시점은 바뀌지 않으므로 대응하는 모서리를 그대로 합집합으로 모으면 됩니다. 검산: 입체의 앞·뒤 대각 방향 모서리를 혼동하지 않았는지 확인합니다.
T12-27,4,T12,입체선+평면무늬 중첩,5,T12-27-O6,6,9be029fcb814a55d458c5bb0c09d2854b20efe09bea4d92d6698822939c75eae,규칙: 입체선과 평면무늬를 같은 중심·크기로 정렬해 모든 보이는 선을 합칩니다. 적용: 두 선 구조는 같은 투명 입체 위에 놓여 있습니다. 시점은 바뀌지 않으므로 대응하는 모서리를 그대로 합집합으로 모으면 됩니다. 검산: 입체의 앞·뒤 대각 방향 모서리를 혼동하지 않았는지 확인합니다.
T13-01,3,T13,색상순서+도형순서 이중수열,3,T13-01-O2,2,64a2ef1968cf76922725fca4ed4a49682a5c44edc6dd7bbd08577c811ce09c89,"규칙: 색상 순환과 도형 순환을 별도 수열로 진행한 뒤 같은 항에서 결합합니다. 적용: 도형은 각 행에서 한 칸씩 이동하며 반복되고, 색은 빨강→주황→노랑→초록→파랑→남색→보라 순서에서 규칙적으로 이동합니다. 빈칸은 파란색 사각형입니다. 검산: 색과 도형 중 한 규칙만 맞는 보기를 제외합니다."
T13-02,3,T13,색상순서+도형순서 이중수열,3,T13-02-O5,5,05749d53e1d0ef573b950146ea6b832846a02a7d18be6916c6a9fdbdd2c843eb,"규칙: 색상 순환과 도형 순환을 별도 수열로 진행한 뒤 같은 항에서 결합합니다. 적용: 도형은 각 행에서 한 칸씩 이동하며 반복되고, 색은 빨강→주황→노랑→초록→파랑→남색→보라 순서에서 규칙적으로 이동합니다. 빈칸은 보라색 사각형입니다. 검산: 색과 도형 중 한 규칙만 맞는 보기를 제외합니다."
T13-03,3,T13,색상순서+도형순서 이중수열,4,T13-03-O2,2,d4290a864da67acaeef66dcc8eef62afd8490c6f052dcc0fd4048830487cbb2c,"규칙: 색상 순환과 도형 순환을 별도 수열로 진행한 뒤 같은 항에서 결합합니다. 적용: 도형은 각 행에서 한 칸씩 이동하며 반복되고, 색은 빨강→주황→노랑→초록→파랑→남색→보라 순서에서 규칙적으로 이동합니다. 빈칸은 파란색 삼각형입니다. 검산: 색과 도형 중 한 규칙만 맞는 보기를 제외합니다."
T13-04,3,T13,색상순서+도형순서 이중수열,5,T13-04-O4,4,b7dbdf4501369014cc27b2821c9a2579ce93352cec0c90ed47552d7506ffda2f,"규칙: 색상 순환과 도형 순환을 별도 수열로 진행한 뒤 같은 항에서 결합합니다. 적용: 도형은 각 행에서 한 칸씩 이동하며 반복되고, 색은 빨강→주황→노랑→초록→파랑→남색→보라 순서에서 규칙적으로 이동합니다. 빈칸은 노란색 사각형입니다. 검산: 색과 도형 중 한 규칙만 맞는 보기를 제외합니다."
T13-05,3,T13,색상순서+도형순서 이중수열,5,T13-05-O1,1,bf18db9964ad4ae744f15c8b8bfa285feb42e9bf81100b54dea4a0aeba0a750d,"규칙: 색상 순환과 도형 순환을 별도 수열로 진행한 뒤 같은 항에서 결합합니다. 적용: 도형은 각 행에서 한 칸씩 이동하며 반복되고, 색은 빨강→주황→노랑→초록→파랑→남색→보라 순서에서 규칙적으로 이동합니다. 빈칸은 빨간색 원입니다. 검산: 색과 도형 중 한 규칙만 맞는 보기를 제외합니다."
T13-06,2,T13,색상순서+도형순서 이중수열,4,T13-06-O4,4,614eba8976664db14d986321535d93cffb7ce23dece45d6b9b641e81611b83a3,"규칙: 색상 순환과 도형 순환을 별도 수열로 진행한 뒤 같은 항에서 결합합니다. 적용: 도형은 매번 1칸, 색은 매번 2칸씩 각각 순환합니다. 두 수열을 독립적으로 적용하면 파란색 삼각형입니다. 검산: 색과 도형 중 한 규칙만 맞는 보기를 제외합니다."
T13-07,2,T13,색상순서+도형순서 이중수열,4,T13-07-O1,1,fe9b3f5e0539594249545290925e3988754e784a772689dea7bba030875a33cf,"규칙: 색상 순환과 도형 순환을 별도 수열로 진행한 뒤 같은 항에서 결합합니다. 적용: 도형은 매번 2칸, 색은 매번 1칸씩 각각 순환합니다. 두 수열을 독립적으로 적용하면 보라색 사각형입니다. 검산: 색과 도형 중 한 규칙만 맞는 보기를 제외합니다."
T13-08,2,T13,색상순서+도형순서 이중수열,4,T13-08-O2,2,83169186e542da0c3c96d15e3e8f11458b7f7b4c7753b051aae23cfd1da9c606,"규칙: 색상 순환과 도형 순환을 별도 수열로 진행한 뒤 같은 항에서 결합합니다. 적용: 도형은 매번 1칸, 색은 매번 3칸씩 각각 순환합니다. 두 수열을 독립적으로 적용하면 파란색 육각형입니다. 검산: 색과 도형 중 한 규칙만 맞는 보기를 제외합니다."
T13-09,2,T13,색상순서+도형순서 이중수열,5,T13-09-O1,1,f4663d1cbeb7f3409bbeb84739276078f0f8d5697623049d1bbc061b58391246,"규칙: 색상 순환과 도형 순환을 별도 수열로 진행한 뒤 같은 항에서 결합합니다. 적용: 도형은 매번 3칸, 색은 매번 2칸씩 각각 순환합니다. 두 수열을 독립적으로 적용하면 초록색 오각형입니다. 검산: 색과 도형 중 한 규칙만 맞는 보기를 제외합니다."
T13-10,2,T13,색상순서+도형순서 이중수열,5,T13-10-O2,2,229554e7cf52b4c59c35d87a1eca7e854e229eb20759e2166b2aacb65ee13348,"규칙: 색상 순환과 도형 순환을 별도 수열로 진행한 뒤 같은 항에서 결합합니다. 적용: 도형은 매번 2칸, 색은 매번 3칸씩 각각 순환합니다. 두 수열을 독립적으로 적용하면 초록색 사각형입니다. 검산: 색과 도형 중 한 규칙만 맞는 보기를 제외합니다."
T13-11,2,T13,색상순서+도형순서 이중수열,5,T13-11-O6,6,36ca601cf7a3b50dc6346fbe61d24cc2b9bfcbacf6d6bf9263583abdb72069d4,"규칙: 색상 순환과 도형 순환을 별도 수열로 진행한 뒤 같은 항에서 결합합니다. 적용: 도형은 매번 3칸, 색은 매번 1칸씩 각각 순환합니다. 두 수열을 독립적으로 적용하면 빨간색 원입니다. 검산: 색과 도형 중 한 규칙만 맞는 보기를 제외합니다."
T13-12,2,T13,색상순서+도형순서 이중수열,5,T13-12-O4,4,455a256cd698d64e52db6f4031de6f6c7eaf2bfab8f16d6a8ed9b518a0b5d6e8,"규칙: 색상 순환과 도형 순환을 별도 수열로 진행한 뒤 같은 항에서 결합합니다. 적용: 도형은 매번 1칸, 색은 매번 4칸씩 각각 순환합니다. 두 수열을 독립적으로 적용하면 주황색 육각형입니다. 검산: 색과 도형 중 한 규칙만 맞는 보기를 제외합니다."
T13-13,2,T13,색상순서+도형순서 이중수열,5,T13-13-O2,2,ea52cc8e2938b3232396067275e4d97e7ea279e90ab4bd52c09a1582d8fe6700,"규칙: 색상 순환과 도형 순환을 별도 수열로 진행한 뒤 같은 항에서 결합합니다. 적용: 도형은 매번 4칸, 색은 매번 2칸씩 각각 순환합니다. 두 수열을 독립적으로 적용하면 파란색 오각형입니다. 검산: 색과 도형 중 한 규칙만 맞는 보기를 제외합니다."
T13-14,2,T13,색상순서+도형순서 이중수열,5,T13-14-O5,5,43beebc39f3f4db84fc811a6f9e60b8735c0cd18f3dfad29dd8dddde38e0857c,"규칙: 색상 순환과 도형 순환을 별도 수열로 진행한 뒤 같은 항에서 결합합니다. 적용: 도형은 매번 2칸, 색은 매번 4칸씩 각각 순환합니다. 두 수열을 독립적으로 적용하면 빨간색 오각형입니다. 검산: 색과 도형 중 한 규칙만 맞는 보기를 제외합니다."
T13-15,2,T13,색상순서+도형순서 이중수열,5,T13-15-O4,4,7bb855464b5884ba79c39bc1aa7fe9fb6793afc6521e3f03c0fe23c9149dec03,"규칙: 색상 순환과 도형 순환을 별도 수열로 진행한 뒤 같은 항에서 결합합니다. 적용: 도형은 매번 4칸, 색은 매번 3칸씩 각각 순환합니다. 두 수열을 독립적으로 적용하면 보라색 원입니다. 검산: 색과 도형 중 한 규칙만 맞는 보기를 제외합니다."
T13-16,4,T13,색상순서+도형순서 이중수열,2,T13-16-O1,1,fb4a9679719ce1e54355eba4db5dd403d53cfa5321dcc034685006e4364424e9,"규칙: 색상 순환과 도형 순환을 별도 수열로 진행한 뒤 같은 항에서 결합합니다. 적용: 도형은 매번 1칸, 색상은 매번 2칸씩 각자의 4개 순환에서 이동합니다. 다음은 주황 원입니다. 검산: 두 결과를 합치면 주황 원입니다."
T13-17,4,T13,색상순서+도형순서 이중수열,4,T13-17-O2,2,bc1d3ea861bb1fdaed88d1e53f79528ec5cb08a35a24d5d5bab06fc6f5eb0d24,"규칙: 색상 순환과 도형 순환을 별도 수열로 진행한 뒤 같은 항에서 결합합니다. 적용: 도형은 매번 2칸, 색상은 매번 2칸씩 각자의 4개 순환에서 이동합니다. 다음은 파랑 사각형입니다. 검산: 두 결과를 합치면 파랑 사각형입니다."
T13-18,4,T13,색상순서+도형순서 이중수열,5,T13-18-O3,3,d02f1a69fa03ba04f91fee4d0a26cb8a648ed3389992af319bf0040721f97ddc,"규칙: 색상 순환과 도형 순환을 별도 수열로 진행한 뒤 같은 항에서 결합합니다. 적용: 도형은 매번 3칸, 색상은 매번 1칸씩 각자의 4개 순환에서 이동합니다. 다음은 파랑 삼각형입니다. 검산: 두 결과를 합치면 파랑 삼각형입니다."
T13-19,4,T13,색상순서+도형순서 이중수열,3,T13-19-O4,4,2802f7f46a51d8342fae52baa398fd2deb4e5e722f28456a391118f801bea80a,"규칙: 색상 순환과 도형 순환을 별도 수열로 진행한 뒤 같은 항에서 결합합니다. 적용: 도형은 매번 1칸, 색상은 매번 1칸씩 각자의 4개 순환에서 이동합니다. 다음은 보라 삼각형입니다. 검산: 두 결과를 합치면 보라 삼각형입니다."
T13-20,4,T13,색상순서+도형순서 이중수열,4,T13-20-O5,5,160502219427ec09e7d5ca464933f8df151ffd36811f733fb37e24a0cec5b117,"규칙: 색상 순환과 도형 순환을 별도 수열로 진행한 뒤 같은 항에서 결합합니다. 적용: 도형은 매번 2칸, 색상은 매번 3칸씩 각자의 4개 순환에서 이동합니다. 다음은 보라 오각형입니다. 검산: 두 결과를 합치면 보라 오각형입니다."
T13-21,4,T13,색상순서+도형순서 이중수열,5,T13-21-O6,6,d3e887109bd8b11fbbb7782a6767145c0a0bbbf1a04afefa165a7482946ba58b,"규칙: 색상 순환과 도형 순환을 별도 수열로 진행한 뒤 같은 항에서 결합합니다. 적용: 도형은 매번 3칸, 색상은 매번 3칸씩 각자의 4개 순환에서 이동합니다. 다음은 초록 오각형입니다. 검산: 두 결과를 합치면 초록 오각형입니다."
T13-22,4,T13,색상순서+도형순서 이중수열,2,T13-22-O1,1,ba090f86c999f43abe281e2e47cfa1206a9e9f5370738d356e1f8ec2cc621f28,"규칙: 색상 순환과 도형 순환을 별도 수열로 진행한 뒤 같은 항에서 결합합니다. 적용: 도형은 매번 1칸, 색상은 매번 2칸씩 각자의 4개 순환에서 이동합니다. 다음은 초록 원입니다. 검산: 두 결과를 합치면 초록 원입니다."
T13-23,4,T13,색상순서+도형순서 이중수열,4,T13-23-O2,2,20e9a3255be7eb746d749860747c0eefa30369159193ab824d2c614d5f2b799d,"규칙: 색상 순환과 도형 순환을 별도 수열로 진행한 뒤 같은 항에서 결합합니다. 적용: 도형은 매번 2칸, 색상은 매번 2칸씩 각자의 4개 순환에서 이동합니다. 다음은 파랑 오각형입니다. 검산: 두 결과를 합치면 파랑 오각형입니다."
T13-24,4,T13,색상순서+도형순서 이중수열,5,T13-24-O3,3,3a741daec5aaa0667b92760684b0fddea40f830b78fb22d18205a174509c3420,"규칙: 색상 순환과 도형 순환을 별도 수열로 진행한 뒤 같은 항에서 결합합니다. 적용: 도형은 매번 3칸, 색상은 매번 1칸씩 각자의 4개 순환에서 이동합니다. 다음은 파랑 오각형입니다. 검산: 두 결과를 합치면 파랑 오각형입니다."
T13-25,4,T13,색상순서+도형순서 이중수열,3,T13-25-O4,4,d679caec664f884e01a12c9fdc4ab5e6d486334290ad848a29fc7132f2874fa4,"규칙: 색상 순환과 도형 순환을 별도 수열로 진행한 뒤 같은 항에서 결합합니다. 적용: 도형은 매번 1칸, 색상은 매번 1칸씩 각자의 4개 순환에서 이동합니다. 다음은 파랑 오각형입니다. 검산: 두 결과를 합치면 파랑 오각형입니다."
T13-26,4,T13,색상순서+도형순서 이중수열,4,T13-26-O5,5,55f4ce03d922ec2dc135c3b24fff9f0ac749ffe34ee9692766cffda00705a12c,"규칙: 색상 순환과 도형 순환을 별도 수열로 진행한 뒤 같은 항에서 결합합니다. 적용: 도형은 매번 2칸, 색상은 매번 3칸씩 각자의 4개 순환에서 이동합니다. 다음은 주황 삼각형입니다. 검산: 두 결과를 합치면 주황 삼각형입니다."
T13-27,4,T13,색상순서+도형순서 이중수열,5,T13-27-O6,6,c850ab3ccdc52dbb82df9007db8b8a5dc88ada92bd2035492b45a1f74fbd21fa,"규칙: 색상 순환과 도형 순환을 별도 수열로 진행한 뒤 같은 항에서 결합합니다. 적용: 도형은 매번 3칸, 색상은 매번 3칸씩 각자의 4개 순환에서 이동합니다. 다음은 파랑 원입니다. 검산: 두 결과를 합치면 파랑 원입니다."
T14-01,3,T14,개수 주기+점 위치 주기,3,T14-01-O4,4,2c963e5c9b424ed734ee949ed3de3c722d5fc15fa60132db406d12e18f7e93f1,"규칙: 도형 개수와 점 위치가 서로 다른 길이의 주기로 반복됩니다. 적용: 삼각형 수는 1→2→3의 3주기이고, 점은 왼쪽 바깥쪽→왼쪽 안쪽→오른쪽 바깥쪽→가운데 안쪽의 4주기입니다. 두 주기를 빈칸 위치에 각각 적용하면 삼각형 1개이고, 점은 왼쪽 안쪽에 놓입니다. 검산: 서로 다른 두 주기의 다음 항을 같은 칸에 결합했는지 검산합니다."
T14-02,3,T14,개수 주기+점 위치 주기,3,T14-02-O5,5,98f1f96e53223cbbb381f57979f0eb2e460495f67d7631a5e2eabecc1b9cdf79,"규칙: 도형 개수와 점 위치가 서로 다른 길이의 주기로 반복됩니다. 적용: 삼각형 수는 1→2→3의 3주기이고, 점은 왼쪽 바깥쪽→왼쪽 안쪽→오른쪽 바깥쪽→가운데 안쪽의 4주기입니다. 두 주기를 빈칸 위치에 각각 적용하면 삼각형 3개이고, 점은 오른쪽 바깥쪽에 놓입니다. 검산: 서로 다른 두 주기의 다음 항을 같은 칸에 결합했는지 검산합니다."
T14-03,3,T14,개수 주기+점 위치 주기,4,T14-03-O2,2,94955412c67696c2305dc84d70f3da1d4d84604bde020cff96f5cb6a0fb1bf46,"규칙: 도형 개수와 점 위치가 서로 다른 길이의 주기로 반복됩니다. 적용: 삼각형 수는 1→2→3의 3주기이고, 점은 왼쪽 바깥쪽→왼쪽 안쪽→오른쪽 바깥쪽→가운데 안쪽의 4주기입니다. 두 주기를 빈칸 위치에 각각 적용하면 삼각형 1개이고, 점은 오른쪽 바깥쪽에 놓입니다. 검산: 서로 다른 두 주기의 다음 항을 같은 칸에 결합했는지 검산합니다."
T14-04,3,T14,개수 주기+점 위치 주기,5,T14-04-O6,6,45372c8a01f56dc277cc9202c0919713a0f9b0942882822c6f0988b2c68a85b7,"규칙: 도형 개수와 점 위치가 서로 다른 길이의 주기로 반복됩니다. 적용: 삼각형 수는 1→2→3의 3주기이고, 점은 왼쪽 바깥쪽→왼쪽 안쪽→오른쪽 바깥쪽→가운데 안쪽의 4주기입니다. 두 주기를 빈칸 위치에 각각 적용하면 삼각형 2개이고, 점은 오른쪽 바깥쪽에 놓입니다. 검산: 서로 다른 두 주기의 다음 항을 같은 칸에 결합했는지 검산합니다."
T14-05,3,T14,개수 주기+점 위치 주기,5,T14-05-O3,3,349fb711014552b6faeacab2cb904098cd57f970f714700466dd429823306b73,"규칙: 도형 개수와 점 위치가 서로 다른 길이의 주기로 반복됩니다. 적용: 삼각형 수는 1→2→3의 3주기이고, 점은 왼쪽 바깥쪽→왼쪽 안쪽→오른쪽 바깥쪽→가운데 안쪽의 4주기입니다. 두 주기를 빈칸 위치에 각각 적용하면 삼각형 3개이고, 점은 왼쪽 안쪽에 놓입니다. 검산: 서로 다른 두 주기의 다음 항을 같은 칸에 결합했는지 검산합니다."
T14-06,2,T14,개수 주기+점 위치 주기,4,T14-06-O4,4,5cd2c580bf2d7d79c0ab008b6518c7aad92dccda5913f965a62e5d69bad3e95d,"규칙: 도형 개수와 점 위치가 서로 다른 길이의 주기로 반복됩니다. 적용: 삼각형 개수의 다음 값은 1, 점 위치의 다음 값은 상자 안쪽 오른편입니다. 서로 다른 주기를 따로 계산해야 합니다. 검산: 서로 다른 두 주기의 다음 항을 같은 칸에 결합했는지 검산합니다."
T14-07,2,T14,개수 주기+점 위치 주기,4,T14-07-O5,5,673670a81b1b0e50424076d1eb9a7cbff63602c862d663fb0a55b8b66b701406,"규칙: 도형 개수와 점 위치가 서로 다른 길이의 주기로 반복됩니다. 적용: 삼각형 개수의 다음 값은 4, 점 위치의 다음 값은 상자 왼쪽 바깥입니다. 서로 다른 주기를 따로 계산해야 합니다. 검산: 서로 다른 두 주기의 다음 항을 같은 칸에 결합했는지 검산합니다."
T14-08,2,T14,개수 주기+점 위치 주기,4,T14-08-O1,1,88dddad74f265895f57e28ec471cf8ac1bde8a28a8c4e37c6c3cc814c2a6c441,"규칙: 도형 개수와 점 위치가 서로 다른 길이의 주기로 반복됩니다. 적용: 삼각형 개수의 다음 값은 4, 점 위치의 다음 값은 상자 안쪽 가운데입니다. 서로 다른 주기를 따로 계산해야 합니다. 검산: 서로 다른 두 주기의 다음 항을 같은 칸에 결합했는지 검산합니다."
T14-09,2,T14,개수 주기+점 위치 주기,5,T14-09-O2,2,7a26d076552481e7e52fd4e8a6c17faa65ae7ea83b113bfba8cbc11a1b73e74a,"규칙: 도형 개수와 점 위치가 서로 다른 길이의 주기로 반복됩니다. 적용: 삼각형 개수의 다음 값은 3, 점 위치의 다음 값은 상자 오른쪽 바깥입니다. 서로 다른 주기를 따로 계산해야 합니다. 검산: 서로 다른 두 주기의 다음 항을 같은 칸에 결합했는지 검산합니다."
T14-10,2,T14,개수 주기+점 위치 주기,5,T14-10-O6,6,8c04e778d96c491b51d03d3656c925673f328f93a45be7b6ec0f5478fb74a81d,"규칙: 도형 개수와 점 위치가 서로 다른 길이의 주기로 반복됩니다. 적용: 삼각형 개수의 다음 값은 2, 점 위치의 다음 값은 상자 안쪽 왼편입니다. 서로 다른 주기를 따로 계산해야 합니다. 검산: 서로 다른 두 주기의 다음 항을 같은 칸에 결합했는지 검산합니다."
T14-11,2,T14,개수 주기+점 위치 주기,5,T14-11-O5,5,606d0e848759c6570979f1ec4de0db7f098fc2a717b02e127eb8fad4f33e8ca7,"규칙: 도형 개수와 점 위치가 서로 다른 길이의 주기로 반복됩니다. 적용: 삼각형 개수의 다음 값은 3, 점 위치의 다음 값은 상자 안쪽 오른편입니다. 서로 다른 주기를 따로 계산해야 합니다. 검산: 서로 다른 두 주기의 다음 항을 같은 칸에 결합했는지 검산합니다."
T14-12,2,T14,개수 주기+점 위치 주기,5,T14-12-O4,4,47c65772ca42fba183e6c68b86e62cea1c2f63a73b9186f3ba68ced2cfe49baa,"규칙: 도형 개수와 점 위치가 서로 다른 길이의 주기로 반복됩니다. 적용: 삼각형 개수의 다음 값은 1, 점 위치의 다음 값은 상자 왼쪽 바깥입니다. 서로 다른 주기를 따로 계산해야 합니다. 검산: 서로 다른 두 주기의 다음 항을 같은 칸에 결합했는지 검산합니다."
T14-13,2,T14,개수 주기+점 위치 주기,5,T14-13-O2,2,78816143daad8fad12a1d99edd0aecac0a40f9c7ee14cdb0d246a37ee662de94,"규칙: 도형 개수와 점 위치가 서로 다른 길이의 주기로 반복됩니다. 적용: 삼각형 개수의 다음 값은 2, 점 위치의 다음 값은 상자 안쪽 가운데입니다. 서로 다른 주기를 따로 계산해야 합니다. 검산: 서로 다른 두 주기의 다음 항을 같은 칸에 결합했는지 검산합니다."
T14-14,2,T14,개수 주기+점 위치 주기,5,T14-14-O3,3,ee35dcbb3fa775bdef4dc5a8bbf88fd32cb5f8de3ff993578717e9b4e360a6cd,"규칙: 도형 개수와 점 위치가 서로 다른 길이의 주기로 반복됩니다. 적용: 삼각형 개수의 다음 값은 1, 점 위치의 다음 값은 상자 오른쪽 바깥입니다. 서로 다른 주기를 따로 계산해야 합니다. 검산: 서로 다른 두 주기의 다음 항을 같은 칸에 결합했는지 검산합니다."
T14-15,2,T14,개수 주기+점 위치 주기,5,T14-15-O5,5,3b9115956583b1cd757ea92d10147359c008c47fe85a8f1540cc8e783f85e85c,"규칙: 도형 개수와 점 위치가 서로 다른 길이의 주기로 반복됩니다. 적용: 삼각형 개수의 다음 값은 1, 점 위치의 다음 값은 상자 안쪽 왼편입니다. 서로 다른 주기를 따로 계산해야 합니다. 검산: 서로 다른 두 주기의 다음 항을 같은 칸에 결합했는지 검산합니다."
T14-16,4,T14,개수 주기+점 위치 주기,2,T14-16-O1,1,a5558019f49c71c604d40dd325b390de9c85ebf064f215c185a000d85ba1686e,"규칙: 도형 개수와 점 위치가 서로 다른 길이의 주기로 반복됩니다. 적용: 삼각형 개수는 [1, 2, 3, 4] 순서로 반복되고, 점은 둘레의 6개 위치를 매번 1칸 이동합니다. 다음 상태는 삼각형 4개와 지정 위치의 점입니다. 검산: 두 주기의 다음 값을 한 그림에 결합합니다."
T14-17,4,T14,개수 주기+점 위치 주기,4,T14-17-O2,2,3a529742203a978f0cc00ff543f691395642fb645361aa2b2a5d0da7b97385da,"규칙: 도형 개수와 점 위치가 서로 다른 길이의 주기로 반복됩니다. 적용: 삼각형 개수는 [2, 4, 1, 3] 순서로 반복되고, 점은 둘레의 6개 위치를 매번 2칸 이동합니다. 다음 상태는 삼각형 3개와 지정 위치의 점입니다. 검산: 두 주기의 다음 값을 한 그림에 결합합니다."
T14-18,4,T14,개수 주기+점 위치 주기,5,T14-18-O3,3,0f0ba11ba3b6b8147bfa79cc1a90a015114b9ded97660c6862d1527d8c480839,"규칙: 도형 개수와 점 위치가 서로 다른 길이의 주기로 반복됩니다. 적용: 삼각형 개수는 [1, 2, 3, 4] 순서로 반복되고, 점은 둘레의 6개 위치를 매번 3칸 이동합니다. 다음 상태는 삼각형 1개와 지정 위치의 점입니다. 검산: 두 주기의 다음 값을 한 그림에 결합합니다."
T14-19,4,T14,개수 주기+점 위치 주기,3,T14-19-O4,4,0df71713137564dd3c0231092dad3020a3f3203a4f0b743ceb40f8dc6b64a343,"규칙: 도형 개수와 점 위치가 서로 다른 길이의 주기로 반복됩니다. 적용: 삼각형 개수는 [2, 4, 1, 3] 순서로 반복되고, 점은 둘레의 6개 위치를 매번 1칸 이동합니다. 다음 상태는 삼각형 1개와 지정 위치의 점입니다. 검산: 두 주기의 다음 값을 한 그림에 결합합니다."
T14-20,4,T14,개수 주기+점 위치 주기,4,T14-20-O5,5,7f82cb5c2c29e16ea018510e362e69a67505a0122ed05ed7ba9ba5a138fc5fdc,"규칙: 도형 개수와 점 위치가 서로 다른 길이의 주기로 반복됩니다. 적용: 삼각형 개수는 [1, 2, 3, 4] 순서로 반복되고, 점은 둘레의 6개 위치를 매번 2칸 이동합니다. 다음 상태는 삼각형 3개와 지정 위치의 점입니다. 검산: 두 주기의 다음 값을 한 그림에 결합합니다."
T14-21,4,T14,개수 주기+점 위치 주기,5,T14-21-O6,6,50b0b3ab50a9698cd65d9f84f61731b3f6556773c0d56717d80b0465a1fc5699,"규칙: 도형 개수와 점 위치가 서로 다른 길이의 주기로 반복됩니다. 적용: 삼각형 개수는 [2, 4, 1, 3] 순서로 반복되고, 점은 둘레의 6개 위치를 매번 3칸 이동합니다. 다음 상태는 삼각형 4개와 지정 위치의 점입니다. 검산: 두 주기의 다음 값을 한 그림에 결합합니다."
T14-22,4,T14,개수 주기+점 위치 주기,2,T14-22-O1,1,5cd03a68887af8ace90b294de54d459f8809072d15fccc3d732bf948b8144300,"규칙: 도형 개수와 점 위치가 서로 다른 길이의 주기로 반복됩니다. 적용: 삼각형 개수는 [1, 2, 3, 4] 순서로 반복되고, 점은 둘레의 6개 위치를 매번 1칸 이동합니다. 다음 상태는 삼각형 1개와 지정 위치의 점입니다. 검산: 두 주기의 다음 값을 한 그림에 결합합니다."
T14-23,4,T14,개수 주기+점 위치 주기,4,T14-23-O2,2,b870a21ed3f8d46e19aecb081340730cc981d97aad363644dd4b4c1b5dd5403c,"규칙: 도형 개수와 점 위치가 서로 다른 길이의 주기로 반복됩니다. 적용: 삼각형 개수는 [2, 4, 1, 3] 순서로 반복되고, 점은 둘레의 6개 위치를 매번 2칸 이동합니다. 다음 상태는 삼각형 2개와 지정 위치의 점입니다. 검산: 두 주기의 다음 값을 한 그림에 결합합니다."
T14-24,4,T14,개수 주기+점 위치 주기,5,T14-24-O3,3,23393e934989d1806a7e20e708e8baf4c5f79dc577b074f28c9b122c0cf2aff8,"규칙: 도형 개수와 점 위치가 서로 다른 길이의 주기로 반복됩니다. 적용: 삼각형 개수는 [1, 2, 3, 4] 순서로 반복되고, 점은 둘레의 6개 위치를 매번 3칸 이동합니다. 다음 상태는 삼각형 4개와 지정 위치의 점입니다. 검산: 두 주기의 다음 값을 한 그림에 결합합니다."
T14-25,4,T14,개수 주기+점 위치 주기,3,T14-25-O4,4,abbb75a39fbd64319ee5b7cf7537aae3e6bb48fae96e058d3388f7b518ac34a1,"규칙: 도형 개수와 점 위치가 서로 다른 길이의 주기로 반복됩니다. 적용: 삼각형 개수는 [2, 4, 1, 3] 순서로 반복되고, 점은 둘레의 6개 위치를 매번 1칸 이동합니다. 다음 상태는 삼각형 1개와 지정 위치의 점입니다. 검산: 두 주기의 다음 값을 한 그림에 결합합니다."
T14-26,4,T14,개수 주기+점 위치 주기,4,T14-26-O5,5,85d79ee8127e8ea057c9d5b25210a3ca71c2b42bf2a74b6814d890d2d53d93a8,"규칙: 도형 개수와 점 위치가 서로 다른 길이의 주기로 반복됩니다. 적용: 삼각형 개수는 [1, 2, 3, 4] 순서로 반복되고, 점은 둘레의 6개 위치를 매번 2칸 이동합니다. 다음 상태는 삼각형 3개와 지정 위치의 점입니다. 검산: 두 주기의 다음 값을 한 그림에 결합합니다."
T14-27,4,T14,개수 주기+점 위치 주기,5,T14-27-O6,6,ad30a9685ecd3f3714fc83ac108c1e239796a76be55dc50cb86bb557f55470b7,"규칙: 도형 개수와 점 위치가 서로 다른 길이의 주기로 반복됩니다. 적용: 삼각형 개수는 [2, 4, 1, 3] 순서로 반복되고, 점은 둘레의 6개 위치를 매번 3칸 이동합니다. 다음 상태는 삼각형 1개와 지정 위치의 점입니다. 검산: 두 주기의 다음 값을 한 그림에 결합합니다."
T15-01,3,T15,3×3 중첩 행렬,3,T15-01-O3,3,c251880b20605d44455f99efabe2a971739db3f55b7b099b75e8a85dc8339ad1,"규칙: 각 행과 열에서 앞의 두 칸을 겹친 결과가 세 번째 칸이 됩니다. 적용: 오른쪽 칸은 같은 행의 왼쪽 두 칸의 합이고, 아래쪽 칸은 같은 열의 위쪽 두 칸의 합입니다. 따라서 오른쪽 아래에는 네 기본 칸의 모든 요소가 들어갑니다. 검산: 한 행만 맞는 후보가 아니라 행과 열을 모두 통과하는지 검산합니다."
T15-02,3,T15,3×3 중첩 행렬,3,T15-02-O1,1,ea05b3c808146fe771379f1993946862e2d0301a6f92184f0d164449e921ebbc,"규칙: 각 행과 열에서 앞의 두 칸을 겹친 결과가 세 번째 칸이 됩니다. 적용: 오른쪽 칸은 같은 행의 왼쪽 두 칸의 합이고, 아래쪽 칸은 같은 열의 위쪽 두 칸의 합입니다. 따라서 오른쪽 아래에는 네 기본 칸의 모든 요소가 들어갑니다. 검산: 한 행만 맞는 후보가 아니라 행과 열을 모두 통과하는지 검산합니다."
T15-03,3,T15,3×3 중첩 행렬,4,T15-03-O2,2,7b3b8880094fa19caccd82d8f56aba19657250c8e93f022e0816cc1f826068f5,"규칙: 각 행과 열에서 앞의 두 칸을 겹친 결과가 세 번째 칸이 됩니다. 적용: 오른쪽 칸은 같은 행의 왼쪽 두 칸의 합이고, 아래쪽 칸은 같은 열의 위쪽 두 칸의 합입니다. 따라서 오른쪽 아래에는 네 기본 칸의 모든 요소가 들어갑니다. 검산: 한 행만 맞는 후보가 아니라 행과 열을 모두 통과하는지 검산합니다."
T15-04,3,T15,3×3 중첩 행렬,5,T15-04-O1,1,1d618a80da99baa5f4ebbbbf3c5a9a2f9cc911ef6e99249e5440f1712666ca7d,"규칙: 각 행과 열에서 앞의 두 칸을 겹친 결과가 세 번째 칸이 됩니다. 적용: 오른쪽 칸은 같은 행의 왼쪽 두 칸의 합이고, 아래쪽 칸은 같은 열의 위쪽 두 칸의 합입니다. 따라서 오른쪽 아래에는 네 기본 칸의 모든 요소가 들어갑니다. 검산: 한 행만 맞는 후보가 아니라 행과 열을 모두 통과하는지 검산합니다."
T15-05,3,T15,3×3 중첩 행렬,5,T15-05-O6,6,d394aa8a2ca8c8753aa5622cc9caf4c56ca7b4c52eec6e482ddb97de5f1c296f,"규칙: 각 행과 열에서 앞의 두 칸을 겹친 결과가 세 번째 칸이 됩니다. 적용: 오른쪽 칸은 같은 행의 왼쪽 두 칸의 합이고, 아래쪽 칸은 같은 열의 위쪽 두 칸의 합입니다. 따라서 오른쪽 아래에는 네 기본 칸의 모든 요소가 들어갑니다. 검산: 한 행만 맞는 후보가 아니라 행과 열을 모두 통과하는지 검산합니다."
T15-06,2,T15,3×3 중첩 행렬,4,T15-06-O2,2,1a78d832602e370db53ec3e45ba27ba820681ee28f6dcad12a9aebc61ad57a83,"규칙: 각 행과 열에서 앞의 두 칸을 겹친 결과가 세 번째 칸이 됩니다. 적용: 마지막 칸은 마지막 행의 두 칸을 합쳐도, 마지막 열의 위 두 칸을 합쳐도 같은 외곽 원, 외곽 사각형, 오각형, 삼각형, 가운데 세로선가 되어야 합니다. 검산: 한 행만 맞는 후보가 아니라 행과 열을 모두 통과하는지 검산합니다."
T15-07,2,T15,3×3 중첩 행렬,4,T15-07-O1,1,623150eb832e63ef89b049e10af5315d17ca0904688157f12de8039f50f7b3b5,"규칙: 각 행과 열에서 앞의 두 칸을 겹친 결과가 세 번째 칸이 됩니다. 적용: 마지막 칸은 마지막 행의 두 칸을 합쳐도, 마지막 열의 위 두 칸을 합쳐도 같은 왼쪽 아래-오른쪽 위 대각선, 마름모, 검은 점, 외곽 사각형, 삼각형가 되어야 합니다. 검산: 한 행만 맞는 후보가 아니라 행과 열을 모두 통과하는지 검산합니다."
T15-08,2,T15,3×3 중첩 행렬,4,T15-08-O1,1,cd81575b5f9d826c786cc268d3ae49e97e555c4c6dcb26ecf4b892d79df8000e,"규칙: 각 행과 열에서 앞의 두 칸을 겹친 결과가 세 번째 칸이 됩니다. 적용: 마지막 칸은 마지막 행의 두 칸을 합쳐도, 마지막 열의 위 두 칸을 합쳐도 같은 마름모, 안쪽 사각형, 외곽 원, 외곽 사각형, 오각형, 작은 원, 삼각형가 되어야 합니다. 검산: 한 행만 맞는 후보가 아니라 행과 열을 모두 통과하는지 검산합니다."
T15-09,2,T15,3×3 중첩 행렬,5,T15-09-O3,3,e20764e0b91ee0faf63aa1d4a934c4ff2bb41a247ab6f3da023f1366b5ee1d64,"규칙: 각 행과 열에서 앞의 두 칸을 겹친 결과가 세 번째 칸이 됩니다. 적용: 마지막 칸은 마지막 행의 두 칸을 합쳐도, 마지막 열의 위 두 칸을 합쳐도 같은 마름모, 검은 점, 안쪽 사각형, 외곽 사각형, 삼각형, 가운데 세로선가 되어야 합니다. 검산: 한 행만 맞는 후보가 아니라 행과 열을 모두 통과하는지 검산합니다."
T15-10,2,T15,3×3 중첩 행렬,5,T15-10-O4,4,07d0357ec2dd900aa1acfe4e585da314b5f395ec100d56138e7067e6eed953f7,"규칙: 각 행과 열에서 앞의 두 칸을 겹친 결과가 세 번째 칸이 됩니다. 적용: 마지막 칸은 마지막 행의 두 칸을 합쳐도, 마지막 열의 위 두 칸을 합쳐도 같은 왼쪽 아래-오른쪽 위 대각선, 마름모, 검은 점, 외곽 사각형, 작은 원, 가운데 세로선가 되어야 합니다. 검산: 한 행만 맞는 후보가 아니라 행과 열을 모두 통과하는지 검산합니다."
T15-11,2,T15,3×3 중첩 행렬,5,T15-11-O4,4,2d2da0bf6a3859553d42de7276c6c728731dad13c6d41f687954aef68139853d,"규칙: 각 행과 열에서 앞의 두 칸을 겹친 결과가 세 번째 칸이 됩니다. 적용: 마지막 칸은 마지막 행의 두 칸을 합쳐도, 마지막 열의 위 두 칸을 합쳐도 같은 왼쪽 위-오른쪽 아래 대각선, 왼쪽 아래-오른쪽 위 대각선, 마름모, 검은 점, 안쪽 사각형, 외곽 사각형, 작은 원가 되어야 합니다. 검산: 한 행만 맞는 후보가 아니라 행과 열을 모두 통과하는지 검산합니다."
T15-12,2,T15,3×3 중첩 행렬,5,T15-12-O5,5,e75283ab559ccf70321c08b9df8fa9d4268243df5964c83abf64fdb15f952ae9,"규칙: 각 행과 열에서 앞의 두 칸을 겹친 결과가 세 번째 칸이 됩니다. 적용: 마지막 칸은 마지막 행의 두 칸을 합쳐도, 마지막 열의 위 두 칸을 합쳐도 같은 왼쪽 위-오른쪽 아래 대각선, 왼쪽 아래-오른쪽 위 대각선, 가운데 가로선, 오각형, 삼각형, 가운데 세로선가 되어야 합니다. 검산: 한 행만 맞는 후보가 아니라 행과 열을 모두 통과하는지 검산합니다."
T15-13,2,T15,3×3 중첩 행렬,5,T15-13-O1,1,c913a1c4ada2d38cf8c6849607d17e43c5f8139bcf737923613fbcfa9d9450ca,"규칙: 각 행과 열에서 앞의 두 칸을 겹친 결과가 세 번째 칸이 됩니다. 적용: 마지막 칸은 마지막 행의 두 칸을 합쳐도, 마지막 열의 위 두 칸을 합쳐도 같은 왼쪽 위-오른쪽 아래 대각선, 마름모, 안쪽 사각형, 외곽 원, 외곽 사각형가 되어야 합니다. 검산: 한 행만 맞는 후보가 아니라 행과 열을 모두 통과하는지 검산합니다."
T15-14,2,T15,3×3 중첩 행렬,5,T15-14-O5,5,85286fe7aa9cf6a89d6693b8a8a1438c84faf9535bea43fbf387ea5012e6141a,"규칙: 각 행과 열에서 앞의 두 칸을 겹친 결과가 세 번째 칸이 됩니다. 적용: 마지막 칸은 마지막 행의 두 칸을 합쳐도, 마지막 열의 위 두 칸을 합쳐도 같은 왼쪽 아래-오른쪽 위 대각선, 마름모, 검은 점, 안쪽 사각형, 외곽 사각형, 가운데 세로선가 되어야 합니다. 검산: 한 행만 맞는 후보가 아니라 행과 열을 모두 통과하는지 검산합니다."
T15-15,2,T15,3×3 중첩 행렬,5,T15-15-O5,5,3e124da80e0d1c0bcdf2ec9d73c4215cea5057b07b841bd4c6cc8a0758a7d7e3,"규칙: 각 행과 열에서 앞의 두 칸을 겹친 결과가 세 번째 칸이 됩니다. 적용: 마지막 칸은 마지막 행의 두 칸을 합쳐도, 마지막 열의 위 두 칸을 합쳐도 같은 왼쪽 위-오른쪽 아래 대각선, 왼쪽 아래-오른쪽 위 대각선, 가운데 가로선, 안쪽 사각형, 외곽 사각형, 작은 원, 삼각형가 되어야 합니다. 검산: 한 행만 맞는 후보가 아니라 행과 열을 모두 통과하는지 검산합니다."
T15-16,4,T15,3×3 중첩 행렬,3,T15-16-O1,1,83953fccccef13072b328b0680234f7b7053d75720f49d10ffc1213e8219ef4e,규칙: 각 행과 열에서 앞의 두 칸을 겹친 결과가 세 번째 칸이 됩니다. 적용: 각 행과 열에서 세 번째 칸은 앞의 두 칸을 합집합으로 결합한 결과입니다. 아래 행과 오른쪽 열에서 계산한 결과가 모두 같은 보기가 정답입니다. 검산: 아래 행 계산과 오른쪽 열 계산이 같은 결과를 만드는 보기만 선택합니다.
T15-17,4,T15,3×3 중첩 행렬,4,T15-17-O2,2,8399593321717ec55416201c66ea54deb7a3ce5f0b6ef3812adbd09c9fdc2fdd,규칙: 각 행과 열에서 앞의 두 칸을 겹친 결과가 세 번째 칸이 됩니다. 적용: 각 행과 열에서 세 번째 칸은 앞의 두 칸을 XOR(공통 선분 제거)으로 결합한 결과입니다. 아래 행과 오른쪽 열에서 계산한 결과가 모두 같은 보기가 정답입니다. 검산: 아래 행 계산과 오른쪽 열 계산이 같은 결과를 만드는 보기만 선택합니다.
T15-18,4,T15,3×3 중첩 행렬,5,T15-18-O3,3,c659ddfd27cf625466a730bfd914dbe53211db3a7069d2377772bae54336d790,규칙: 각 행과 열에서 앞의 두 칸을 겹친 결과가 세 번째 칸이 됩니다. 적용: 각 행과 열에서 세 번째 칸은 앞의 두 칸을 합집합으로 결합한 결과입니다. 아래 행과 오른쪽 열에서 계산한 결과가 모두 같은 보기가 정답입니다. 검산: 아래 행 계산과 오른쪽 열 계산이 같은 결과를 만드는 보기만 선택합니다.
T15-19,4,T15,3×3 중첩 행렬,4,T15-19-O4,4,9934dc0489d528163901cde952a7f893625ba6ee56ef8db1922b99fcb54f7a17,규칙: 각 행과 열에서 앞의 두 칸을 겹친 결과가 세 번째 칸이 됩니다. 적용: 각 행과 열에서 세 번째 칸은 앞의 두 칸을 XOR(공통 선분 제거)으로 결합한 결과입니다. 아래 행과 오른쪽 열에서 계산한 결과가 모두 같은 보기가 정답입니다. 검산: 아래 행 계산과 오른쪽 열 계산이 같은 결과를 만드는 보기만 선택합니다.
T15-20,4,T15,3×3 중첩 행렬,4,T15-20-O5,5,a28495bf143b40eb1ed60c25377990442c92b4cbc9abd9674347e8c4bb86bffe,규칙: 각 행과 열에서 앞의 두 칸을 겹친 결과가 세 번째 칸이 됩니다. 적용: 각 행과 열에서 세 번째 칸은 앞의 두 칸을 합집합으로 결합한 결과입니다. 아래 행과 오른쪽 열에서 계산한 결과가 모두 같은 보기가 정답입니다. 검산: 아래 행 계산과 오른쪽 열 계산이 같은 결과를 만드는 보기만 선택합니다.
T15-21,4,T15,3×3 중첩 행렬,5,T15-21-O6,6,6c991516aca82197eb2c845c23658169798827c162bc0276b0fc80dedb2bc2fa,규칙: 각 행과 열에서 앞의 두 칸을 겹친 결과가 세 번째 칸이 됩니다. 적용: 각 행과 열에서 세 번째 칸은 앞의 두 칸을 XOR(공통 선분 제거)으로 결합한 결과입니다. 아래 행과 오른쪽 열에서 계산한 결과가 모두 같은 보기가 정답입니다. 검산: 아래 행 계산과 오른쪽 열 계산이 같은 결과를 만드는 보기만 선택합니다.
T15-22,4,T15,3×3 중첩 행렬,3,T15-22-O1,1,b484383d7890fb5df20b97f87abf3819b1825c3a810a2a772d2e8c13bd44706b,규칙: 각 행과 열에서 앞의 두 칸을 겹친 결과가 세 번째 칸이 됩니다. 적용: 각 행과 열에서 세 번째 칸은 앞의 두 칸을 합집합으로 결합한 결과입니다. 아래 행과 오른쪽 열에서 계산한 결과가 모두 같은 보기가 정답입니다. 검산: 아래 행 계산과 오른쪽 열 계산이 같은 결과를 만드는 보기만 선택합니다.
T15-23,4,T15,3×3 중첩 행렬,4,T15-23-O2,2,90491beab0218e69e98c2e9c759e264742efce1f4564340439d599300f6e9c13,규칙: 각 행과 열에서 앞의 두 칸을 겹친 결과가 세 번째 칸이 됩니다. 적용: 각 행과 열에서 세 번째 칸은 앞의 두 칸을 XOR(공통 선분 제거)으로 결합한 결과입니다. 아래 행과 오른쪽 열에서 계산한 결과가 모두 같은 보기가 정답입니다. 검산: 아래 행 계산과 오른쪽 열 계산이 같은 결과를 만드는 보기만 선택합니다.
T15-24,4,T15,3×3 중첩 행렬,5,T15-24-O3,3,1c7d4147dd04125e824044050c61ae6d9bdaf1b61f644917d88e6cafc6a7c6b9,규칙: 각 행과 열에서 앞의 두 칸을 겹친 결과가 세 번째 칸이 됩니다. 적용: 각 행과 열에서 세 번째 칸은 앞의 두 칸을 합집합으로 결합한 결과입니다. 아래 행과 오른쪽 열에서 계산한 결과가 모두 같은 보기가 정답입니다. 검산: 아래 행 계산과 오른쪽 열 계산이 같은 결과를 만드는 보기만 선택합니다.
T15-25,4,T15,3×3 중첩 행렬,4,T15-25-O4,4,39896ecd93569e3d1664665a1de63d5d496320413cff9a0d5f73aedb8fad6563,규칙: 각 행과 열에서 앞의 두 칸을 겹친 결과가 세 번째 칸이 됩니다. 적용: 각 행과 열에서 세 번째 칸은 앞의 두 칸을 XOR(공통 선분 제거)으로 결합한 결과입니다. 아래 행과 오른쪽 열에서 계산한 결과가 모두 같은 보기가 정답입니다. 검산: 아래 행 계산과 오른쪽 열 계산이 같은 결과를 만드는 보기만 선택합니다.
T15-26,4,T15,3×3 중첩 행렬,4,T15-26-O5,5,2565fe72b97da69924e1cb805a0ef2467adae707d0bee84e6114b5524689d5a0,규칙: 각 행과 열에서 앞의 두 칸을 겹친 결과가 세 번째 칸이 됩니다. 적용: 각 행과 열에서 세 번째 칸은 앞의 두 칸을 합집합으로 결합한 결과입니다. 아래 행과 오른쪽 열에서 계산한 결과가 모두 같은 보기가 정답입니다. 검산: 아래 행 계산과 오른쪽 열 계산이 같은 결과를 만드는 보기만 선택합니다.
T15-27,4,T15,3×3 중첩 행렬,5,T15-27-O6,6,782b0f3dba42665b263cd04e42b8d582a8d32d5ec23c28dea1498bacb465483e,규칙: 각 행과 열에서 앞의 두 칸을 겹친 결과가 세 번째 칸이 됩니다. 적용: 각 행과 열에서 세 번째 칸은 앞의 두 칸을 XOR(공통 선분 제거)으로 결합한 결과입니다. 아래 행과 오른쪽 열에서 계산한 결과가 모두 같은 보기가 정답입니다. 검산: 아래 행 계산과 오른쪽 열 계산이 같은 결과를 만드는 보기만 선택합니다.
T16-01,3,T16,마방진·일정합,2,T16-01-O3,3,ee3cdb5fa227063440fdb3258a152aeca536733067c82d143918a98e905eb340,규칙: 모든 가로줄과 세로줄의 합이 같은 목표합이 되도록 빈칸을 계산합니다. 적용: 완성된 배열의 각 행과 열의 합은 15입니다. 빈칸이 있는 행 또는 열의 나머지 두 수를 15에서 빼면 2가 됩니다. 검산: 다른 방향의 줄에도 대입해 같은 합이 되는지 검산합니다.
T16-02,3,T16,마방진·일정합,2,T16-02-O4,4,f99d556df47adfa3036e6aca45050e7031546228fe1454f7b4f511e956ff97be,규칙: 모든 가로줄과 세로줄의 합이 같은 목표합이 되도록 빈칸을 계산합니다. 적용: 완성된 배열의 각 행과 열의 합은 30입니다. 빈칸이 있는 행 또는 열의 나머지 두 수를 30에서 빼면 6가 됩니다. 검산: 다른 방향의 줄에도 대입해 같은 합이 되는지 검산합니다.
T16-03,3,T16,마방진·일정합,3,T16-03-O8,8,b5137ed616deefa640171a362324b3835df9375ff9db82cee1be46c673b3dfe2,규칙: 모든 가로줄과 세로줄의 합이 같은 목표합이 되도록 빈칸을 계산합니다. 적용: 완성된 배열의 각 행과 열의 합은 30입니다. 빈칸이 있는 행 또는 열의 나머지 두 수를 30에서 빼면 8가 됩니다. 검산: 다른 방향의 줄에도 대입해 같은 합이 되는지 검산합니다.
T16-04,3,T16,마방진·일정합,4,T16-04-O8,8,5e2eb36e9992cb12e023f4960767faa5986c6de81ec535d6d0d297bd59c89e1b,규칙: 모든 가로줄과 세로줄의 합이 같은 목표합이 되도록 빈칸을 계산합니다. 적용: 완성된 배열의 각 행과 열의 합은 39입니다. 빈칸이 있는 행 또는 열의 나머지 두 수를 39에서 빼면 7가 됩니다. 검산: 다른 방향의 줄에도 대입해 같은 합이 되는지 검산합니다.
T16-05,3,T16,마방진·일정합,4,T16-05-O7,7,48bc2290d4fa2025113b18200abf283cc62b92f052271801ab7ee25d33371ed0,규칙: 모든 가로줄과 세로줄의 합이 같은 목표합이 되도록 빈칸을 계산합니다. 적용: 완성된 배열의 각 행과 열의 합은 51입니다. 빈칸이 있는 행 또는 열의 나머지 두 수를 51에서 빼면 23이 됩니다. 검산: 다른 방향의 줄에도 대입해 같은 합이 되는지 검산합니다.
T16-06,2,T16,마방진·일정합,3,T16-06-O2,2,c1d5b5523f037262b68887ea492e882bd772d4c2e32635212a1d7b7db3b3c22d,규칙: 모든 가로줄과 세로줄의 합이 같은 목표합이 되도록 빈칸을 계산합니다. 적용: 이 마방진의 공통합은 15입니다. 빈칸이 포함된 행 또는 열의 나머지 수를 더해 15에서 빼면 3입니다. 검산: 다른 방향의 줄에도 대입해 같은 합이 되는지 검산합니다.
T16-07,2,T16,마방진·일정합,3,T16-07-O1,1,1206eea351343c522a9694cbab600bc26f832b1cba55cb598c5886f406ddcbd1,규칙: 모든 가로줄과 세로줄의 합이 같은 목표합이 되도록 빈칸을 계산합니다. 적용: 이 마방진의 공통합은 45입니다. 빈칸이 포함된 행 또는 열의 나머지 수를 더해 45에서 빼면 19입니다. 검산: 다른 방향의 줄에도 대입해 같은 합이 되는지 검산합니다.
T16-08,2,T16,마방진·일정합,3,T16-08-O2,2,e3b1ffebf8017b209b1ef82ef7e1d586ff3b1937e0b70b84e1a080f5fd16f57b,규칙: 모든 가로줄과 세로줄의 합이 같은 목표합이 되도록 빈칸을 계산합니다. 적용: 이 마방진의 공통합은 36입니다. 빈칸이 포함된 행 또는 열의 나머지 수를 더해 36에서 빼면 15입니다. 검산: 다른 방향의 줄에도 대입해 같은 합이 되는지 검산합니다.
T16-09,2,T16,마방진·일정합,4,T16-09-O4,4,a38699d5398280d4d59a388623f721cb1543ae32c1c92f352e0ec9565e146977,규칙: 모든 가로줄과 세로줄의 합이 같은 목표합이 되도록 빈칸을 계산합니다. 적용: 이 마방진의 공통합은 21입니다. 빈칸이 포함된 행 또는 열의 나머지 수를 더해 21에서 빼면 9입니다. 검산: 다른 방향의 줄에도 대입해 같은 합이 되는지 검산합니다.
T16-10,2,T16,마방진·일정합,4,T16-10-O5,5,05659159f29944e79685894681d81a8761aff5e49be18dbf5f0b0000f346eedf,규칙: 모든 가로줄과 세로줄의 합이 같은 목표합이 되도록 빈칸을 계산합니다. 적용: 이 마방진의 공통합은 36입니다. 빈칸이 포함된 행 또는 열의 나머지 수를 더해 36에서 빼면 12입니다. 검산: 다른 방향의 줄에도 대입해 같은 합이 되는지 검산합니다.
T16-11,2,T16,마방진·일정합,4,T16-11-O8,8,6b08cacbeeded857b754d37a5b87bdd667aecfb3cc748af5b5a344ab84a51a0b,규칙: 모든 가로줄과 세로줄의 합이 같은 목표합이 되도록 빈칸을 계산합니다. 적용: 이 마방진의 공통합은 30입니다. 빈칸이 포함된 행 또는 열의 나머지 수를 더해 30에서 빼면 6입니다. 검산: 다른 방향의 줄에도 대입해 같은 합이 되는지 검산합니다.
T16-12,2,T16,마방진·일정합,4,T16-12-O2,2,9eccd418b4597630f3167c9245d39895241a82c1a3fdaea2c64935a6c3fa2ae4,규칙: 모든 가로줄과 세로줄의 합이 같은 목표합이 되도록 빈칸을 계산합니다. 적용: 이 마방진의 공통합은 122입니다. 빈칸이 포함된 행 또는 열의 나머지 수를 더해 122에서 빼면 8입니다. 검산: 다른 방향의 줄에도 대입해 같은 합이 되는지 검산합니다.
T16-13,2,T16,마방진·일정합,5,T16-13-O8,8,4302bc01df321e153f216ad4dd78cf6b3e22aa134b80b5d682f5aae67d2f02fc,규칙: 모든 가로줄과 세로줄의 합이 같은 목표합이 되도록 빈칸을 계산합니다. 적용: 이 마방진의 공통합은 -46입니다. 빈칸이 포함된 행 또는 열의 나머지 수를 더해 -46에서 빼면 -12입니다. 검산: 다른 방향의 줄에도 대입해 같은 합이 되는지 검산합니다.
T16-14,2,T16,마방진·일정합,5,T16-14-O3,3,94afd9b72292d09b5344cecf5330d254bf6cecabda67e28008e1ca58d8119c6c,규칙: 모든 가로줄과 세로줄의 합이 같은 목표합이 되도록 빈칸을 계산합니다. 적용: 이 마방진의 공통합은 82입니다. 빈칸이 포함된 행 또는 열의 나머지 수를 더해 82에서 빼면 21입니다. 검산: 다른 방향의 줄에도 대입해 같은 합이 되는지 검산합니다.
T16-15,2,T16,마방진·일정합,5,T16-15-O2,2,5ecc40d750f85d6cd824821506648ddb849e2a6542f3fdb05473a4aedc04c155,규칙: 모든 가로줄과 세로줄의 합이 같은 목표합이 되도록 빈칸을 계산합니다. 적용: 이 마방진의 공통합은 96입니다. 빈칸이 포함된 행 또는 열의 나머지 수를 더해 96에서 빼면 17입니다. 검산: 다른 방향의 줄에도 대입해 같은 합이 되는지 검산합니다.
T16-16,4,T16,마방진·일정합,1,T16-16-O5,5,0e8563883e90effee315ae8c9ae744f76d5ffab7a1aecbbea5d4814797d12d6e,규칙: 모든 가로줄과 세로줄의 합이 같은 목표합이 되도록 빈칸을 계산합니다. 적용: 이 마방진의 각 행과 열의 합은 78입니다. 빈칸이 있는 행의 나머지 합은 60이므로 빈칸은 78-60=18입니다. 검산: 같은 열에서도 78-60=18가 됩니다.
T16-17,4,T16,마방진·일정합,4,T16-17-O6,6,e5e97906008b3c404e1d6c51a27a1c16f5f3494143edd7a157af40aca6eb3dcc,규칙: 모든 가로줄과 세로줄의 합이 같은 목표합이 되도록 빈칸을 계산합니다. 적용: 이 마방진의 각 행과 열의 합은 39입니다. 빈칸이 있는 행의 나머지 합은 26이므로 빈칸은 39-26=13입니다. 검산: 같은 열에서도 39-26=13가 됩니다.
T16-18,4,T16,마방진·일정합,5,T16-18-O7,7,fe2327e64eb7a0608ad3332faca1acfa3188edc59e7d25bc6ce4741eeafcbaa3,규칙: 모든 가로줄과 세로줄의 합이 같은 목표합이 되도록 빈칸을 계산합니다. 적용: 이 마방진의 각 행과 열의 합은 96입니다. 빈칸이 있는 행의 나머지 합은 83이므로 빈칸은 96-83=13입니다. 검산: 같은 열에서도 96-83=13가 됩니다.
T16-19,4,T16,마방진·일정합,3,T16-19-O8,8,eee8fdb66c879d8efea7cf3e68024e1e93b7767a23c07baa26695d7bcb9ea694,규칙: 모든 가로줄과 세로줄의 합이 같은 목표합이 되도록 빈칸을 계산합니다. 적용: 이 마방진의 각 행과 열의 합은 75입니다. 빈칸이 있는 행의 나머지 합은 58이므로 빈칸은 75-58=17입니다. 검산: 같은 열에서도 75-58=17가 됩니다.
T16-20,4,T16,마방진·일정합,4,T16-20-O1,1,63a9779b6d17eb56e07ebb909f9e100b5fd048a1c4b2c3b5ad5592eb99ace90d,규칙: 모든 가로줄과 세로줄의 합이 같은 목표합이 되도록 빈칸을 계산합니다. 적용: 이 마방진의 각 행과 열의 합은 36입니다. 빈칸이 있는 행의 나머지 합은 18이므로 빈칸은 36-18=18입니다. 검산: 같은 열에서도 36-18=18가 됩니다.
T16-21,4,T16,마방진·일정합,5,T16-21-O2,2,d25ba4280652bdae4c6f9cb8f00edee2c7dded43479d872b729a54166733c59e,규칙: 모든 가로줄과 세로줄의 합이 같은 목표합이 되도록 빈칸을 계산합니다. 적용: 이 마방진의 각 행과 열의 합은 140입니다. 빈칸이 있는 행의 나머지 합은 94이므로 빈칸은 140-94=46입니다. 검산: 같은 열에서도 140-94=46가 됩니다.
T16-22,4,T16,마방진·일정합,1,T16-22-O3,3,0464901aef2631e1958aa00a9c437306e4eb5d9d591a5e47cac54b23b99ec7e5,규칙: 모든 가로줄과 세로줄의 합이 같은 목표합이 되도록 빈칸을 계산합니다. 적용: 이 마방진의 각 행과 열의 합은 75입니다. 빈칸이 있는 행의 나머지 합은 42이므로 빈칸은 75-42=33입니다. 검산: 같은 열에서도 75-42=33가 됩니다.
T16-23,4,T16,마방진·일정합,4,T16-23-O4,4,a49118e8bec843f35159698215f0c1097e3b731069002b81d4fb25d2bff0d246,규칙: 모든 가로줄과 세로줄의 합이 같은 목표합이 되도록 빈칸을 계산합니다. 적용: 이 마방진의 각 행과 열의 합은 75입니다. 빈칸이 있는 행의 나머지 합은 42이므로 빈칸은 75-42=33입니다. 검산: 같은 열에서도 75-42=33가 됩니다.
T16-24,4,T16,마방진·일정합,5,T16-24-O5,5,ef5a32495e78183d39d7f9dcc2ab476afbc543c77024b7cb383d1263674ee020,규칙: 모든 가로줄과 세로줄의 합이 같은 목표합이 되도록 빈칸을 계산합니다. 적용: 이 마방진의 각 행과 열의 합은 160입니다. 빈칸이 있는 행의 나머지 합은 118이므로 빈칸은 160-118=42입니다. 검산: 같은 열에서도 160-118=42가 됩니다.
T16-25,4,T16,마방진·일정합,3,T16-25-O6,6,067aa8bbdf3a88c4a12ca84cb86ed5864b139fe3e406cc2a5f0c02e41b495aec,규칙: 모든 가로줄과 세로줄의 합이 같은 목표합이 되도록 빈칸을 계산합니다. 적용: 이 마방진의 각 행과 열의 합은 48입니다. 빈칸이 있는 행의 나머지 합은 32이므로 빈칸은 48-32=16입니다. 검산: 같은 열에서도 48-32=16가 됩니다.
T16-26,4,T16,마방진·일정합,4,T16-26-O7,7,5321abd93b271cf86b833308fc829cc2f620648651d9fbfb6f7aceb4f7ab19e2,규칙: 모든 가로줄과 세로줄의 합이 같은 목표합이 되도록 빈칸을 계산합니다. 적용: 이 마방진의 각 행과 열의 합은 75입니다. 빈칸이 있는 행의 나머지 합은 59이므로 빈칸은 75-59=16입니다. 검산: 같은 열에서도 75-59=16가 됩니다.
T16-27,4,T16,마방진·일정합,5,T16-27-O8,8,2f91140f689bbd1320df15537af98c12328f99bf838499186459e05c8e52d099,규칙: 모든 가로줄과 세로줄의 합이 같은 목표합이 되도록 빈칸을 계산합니다. 적용: 이 마방진의 각 행과 열의 합은 62입니다. 빈칸이 있는 행의 나머지 합은 49이므로 빈칸은 62-49=13입니다. 검산: 같은 열에서도 62-49=13가 됩니다.
T17-01,3,T17,행별 산술 관계,3,T17-01-O4,4,b3ff112d4b408d31dd03c14c4ec8149d97a75d5ed366a7ce3163f542f44d09ac,규칙: 앞의 두 행에 공통으로 성립하는 산술 관계를 찾아 마지막 행에 적용합니다. 적용: 첫째 수에서 둘째 수를 빼면 셋째 수가 됩니다. 따라서 빈칸은 8입니다. 검산: 마지막 값은 역산해 원래 관계가 성립하는지 검산합니다.
T17-02,3,T17,행별 산술 관계,3,T17-02-O3,3,bd68d47768a6e1d2932bd5c38b7a0ed1c2cbf9524d55f844a824f39492b9a986,규칙: 앞의 두 행에 공통으로 성립하는 산술 관계를 찾아 마지막 행에 적용합니다. 적용: 첫째 수와 둘째 수를 더하면 셋째 수가 됩니다. 따라서 빈칸은 8입니다. 검산: 마지막 값은 역산해 원래 관계가 성립하는지 검산합니다.
T17-03,3,T17,행별 산술 관계,3,T17-03-O3,3,07ca1ee7f5ffff58207f4fc58e5099eb1fdb7df6f681ebe8ecc7d2fb74b86b7e,규칙: 앞의 두 행에 공통으로 성립하는 산술 관계를 찾아 마지막 행에 적용합니다. 적용: 첫째 수의 2배에서 둘째 수를 빼면 셋째 수가 됩니다. 따라서 빈칸은 4입니다. 검산: 마지막 값은 역산해 원래 관계가 성립하는지 검산합니다.
T17-04,3,T17,행별 산술 관계,4,T17-04-O6,6,59cf160c7a5199830136a01a88462c65c7405f458196f7717370921d97daafec,규칙: 앞의 두 행에 공통으로 성립하는 산술 관계를 찾아 마지막 행에 적용합니다. 적용: 첫째 수와 둘째 수의 평균이 셋째 수가 됩니다. 따라서 빈칸은 5입니다. 검산: 마지막 값은 역산해 원래 관계가 성립하는지 검산합니다.
T17-05,3,T17,행별 산술 관계,5,T17-05-O6,6,ad42b7d2206ce51dc09c75f6ec0ba53a7ba2eaa11325283af73bb32db6dcfd9e,규칙: 앞의 두 행에 공통으로 성립하는 산술 관계를 찾아 마지막 행에 적용합니다. 적용: 첫째 수에서 둘째 수의 2배를 빼면 셋째 수가 됩니다. 따라서 빈칸은 6입니다. 검산: 마지막 값은 역산해 원래 관계가 성립하는지 검산합니다.
T17-06,2,T17,행별 산술 관계,3,T17-06-O2,2,d0b9ee9f860c8414f1f710cd0cc2b3f6194468fbf2049d6682228fee0c9a11cb,"규칙: 앞의 두 행에 공통으로 성립하는 산술 관계를 찾아 마지막 행에 적용합니다. 적용: 공통 관계는 c=2a-b입니다. 마지막 행에 a=6, b=5을 대입하면 c=7입니다. 검산: 마지막 값은 역산해 원래 관계가 성립하는지 검산합니다."
T17-07,2,T17,행별 산술 관계,3,T17-07-O2,2,0bff52035c68ca39ac45cca94cc163541f6e6578beee1fc6ed129456e913b037,"규칙: 앞의 두 행에 공통으로 성립하는 산술 관계를 찾아 마지막 행에 적용합니다. 적용: 공통 관계는 c=a+2b입니다. 마지막 행에 a=10, b=4을 대입하면 c=18입니다. 검산: 마지막 값은 역산해 원래 관계가 성립하는지 검산합니다."
T17-08,2,T17,행별 산술 관계,3,T17-08-O2,2,7c915733ffea24eee0118767b1c64edf5182f5c4f2ffdf756ea5ddc87774036f,"규칙: 앞의 두 행에 공통으로 성립하는 산술 관계를 찾아 마지막 행에 적용합니다. 적용: 공통 관계는 c=a-b입니다. 마지막 행에 a=10, b=8을 대입하면 c=2입니다. 검산: 마지막 값은 역산해 원래 관계가 성립하는지 검산합니다."
T17-09,2,T17,행별 산술 관계,4,T17-09-O5,5,4d04f6230ab3609804a81b62ba6bc1f076aeb3090253ea4cbba720c405662026,"규칙: 앞의 두 행에 공통으로 성립하는 산술 관계를 찾아 마지막 행에 적용합니다. 적용: 공통 관계는 c=a+b입니다. 마지막 행에 a=11, b=8을 대입하면 c=19입니다. 검산: 마지막 값은 역산해 원래 관계가 성립하는지 검산합니다."
T17-10,2,T17,행별 산술 관계,4,T17-10-O5,5,b5eed6d20cdf25a0fe3b60c42aac0dfe349d210d9a3c65fd85cf57bfc5c99cf6,"규칙: 앞의 두 행에 공통으로 성립하는 산술 관계를 찾아 마지막 행에 적용합니다. 적용: 공통 관계는 c=(a+b)/2입니다. 마지막 행에 a=5, b=3을 대입하면 c=4입니다. 검산: 마지막 값은 역산해 원래 관계가 성립하는지 검산합니다."
T17-11,2,T17,행별 산술 관계,4,T17-11-O3,3,84d31fc02a0bd20bdd32886cf105f7d1646d6fcaa8a3685ac6aaa556471beaa2,"규칙: 앞의 두 행에 공통으로 성립하는 산술 관계를 찾아 마지막 행에 적용합니다. 적용: 공통 관계는 c=ab-a입니다. 마지막 행에 a=10, b=6을 대입하면 c=50입니다. 검산: 마지막 값은 역산해 원래 관계가 성립하는지 검산합니다."
T17-12,2,T17,행별 산술 관계,4,T17-12-O7,7,8b4cbc9e2b5a6b661f5b50442a8a6ad069e6c90b5b73a45138ceff091dc7eba3,"규칙: 앞의 두 행에 공통으로 성립하는 산술 관계를 찾아 마지막 행에 적용합니다. 적용: 공통 관계는 c=ab+b입니다. 마지막 행에 a=10, b=4을 대입하면 c=44입니다. 검산: 마지막 값은 역산해 원래 관계가 성립하는지 검산합니다."
T17-13,2,T17,행별 산술 관계,5,T17-13-O8,8,9dd33aa8575190476c5c3300b49440440be1013ad3271345d8d19b26d6245073,"규칙: 앞의 두 행에 공통으로 성립하는 산술 관계를 찾아 마지막 행에 적용합니다. 적용: 공통 관계는 c=a²-b입니다. 마지막 행에 a=8, b=1을 대입하면 c=63입니다. 검산: 마지막 값은 역산해 원래 관계가 성립하는지 검산합니다."
T17-14,2,T17,행별 산술 관계,5,T17-14-O7,7,509c97ae7ddcb25349588d2f43637068afad96ad4efcf20302cf5164989d1a22,"규칙: 앞의 두 행에 공통으로 성립하는 산술 관계를 찾아 마지막 행에 적용합니다. 적용: 공통 관계는 c=b²-a입니다. 마지막 행에 a=2, b=8을 대입하면 c=62입니다. 검산: 마지막 값은 역산해 원래 관계가 성립하는지 검산합니다."
T17-15,2,T17,행별 산술 관계,5,T17-15-O2,2,33e9df8442b277e112a261fb2d14b43ecc4da0ba4d6ae29d652fcfbef993d99b,"규칙: 앞의 두 행에 공통으로 성립하는 산술 관계를 찾아 마지막 행에 적용합니다. 적용: 공통 관계는 c=2a+2b입니다. 마지막 행에 a=2, b=7을 대입하면 c=18입니다. 검산: 마지막 값은 역산해 원래 관계가 성립하는지 검산합니다."
T17-16,4,T17,행별 산술 관계,2,T17-16-O1,1,a506f466af8554f550b35aeec874bb4c3c2c7415db15c3b654c3505f36c82562,"규칙: 앞의 두 행에 공통으로 성립하는 산술 관계를 찾아 마지막 행에 적용합니다. 적용: 예시 행들을 모두 설명하는 관계식은 결과=a×b+c입니다. 마지막 행에 대입하면 5×8+7=47입니다. 검산: 마지막 행의 a=5, b=8, c=7를 대입합니다."
T17-17,4,T17,행별 산술 관계,4,T17-17-O2,2,2629312ae8f8359aff8c63e963cab69169d3b03f419fbba4ba41dc43b1507db3,"규칙: 앞의 두 행에 공통으로 성립하는 산술 관계를 찾아 마지막 행에 적용합니다. 적용: 예시 행들을 모두 설명하는 관계식은 결과=a×b−c입니다. 마지막 행에 대입하면 10×6−6=54입니다. 검산: 마지막 행의 a=10, b=6, c=6를 대입합니다."
T17-18,4,T17,행별 산술 관계,5,T17-18-O3,3,8d9246c222e6cef0f3c81d09f966b173345d66f09f1f3f064683bd07077b25b5,"규칙: 앞의 두 행에 공통으로 성립하는 산술 관계를 찾아 마지막 행에 적용합니다. 적용: 예시 행들을 모두 설명하는 관계식은 결과=(a+b)×c입니다. 마지막 행에 대입하면 (5+3)×5=40입니다. 검산: 마지막 행의 a=5, b=3, c=5를 대입합니다."
T17-19,4,T17,행별 산술 관계,3,T17-19-O4,4,7079b0cc6441d1e1c0a8219db9e69653d59a888145e9484c3fcb33582bd152d2,"규칙: 앞의 두 행에 공통으로 성립하는 산술 관계를 찾아 마지막 행에 적용합니다. 적용: 예시 행들을 모두 설명하는 관계식은 결과=a+b×c입니다. 마지막 행에 대입하면 9+2×7=23입니다. 검산: 마지막 행의 a=9, b=2, c=7를 대입합니다."
T17-20,4,T17,행별 산술 관계,4,T17-20-O5,5,6f85fcc5fc88886c06adbe697581d8488fcc0a679155fec7ae503e06fafc97a7,"규칙: 앞의 두 행에 공통으로 성립하는 산술 관계를 찾아 마지막 행에 적용합니다. 적용: 예시 행들을 모두 설명하는 관계식은 결과=a²+b−c입니다. 마지막 행에 대입하면 8²+5−3=66입니다. 검산: 마지막 행의 a=8, b=5, c=3를 대입합니다."
T17-21,4,T17,행별 산술 관계,5,T17-21-O6,6,de7d527ffef3b850ed8cd1ab8424fff450daf6069dbc4df0757a1ac43275a9bd,"규칙: 앞의 두 행에 공통으로 성립하는 산술 관계를 찾아 마지막 행에 적용합니다. 적용: 예시 행들을 모두 설명하는 관계식은 결과=(a−c)×b입니다. 마지막 행에 대입하면 (9−2)×3=21입니다. 검산: 마지막 행의 a=9, b=3, c=2를 대입합니다."
T17-22,4,T17,행별 산술 관계,2,T17-22-O7,7,4020e0a9394374b7e565132326bbd83c2ca8f0ba4bc1ba9abf7b06f3cac988fa,"규칙: 앞의 두 행에 공통으로 성립하는 산술 관계를 찾아 마지막 행에 적용합니다. 적용: 예시 행들을 모두 설명하는 관계식은 결과=a×(b−c)입니다. 마지막 행에 대입하면 10×(9−7)=20입니다. 검산: 마지막 행의 a=10, b=9, c=7를 대입합니다."
T17-23,4,T17,행별 산술 관계,4,T17-23-O8,8,7b078f54da75ac3e15b34c3511b3bf88d8ba137d7c6e988a69a9bf4d1e3dda56,"규칙: 앞의 두 행에 공통으로 성립하는 산술 관계를 찾아 마지막 행에 적용합니다. 적용: 예시 행들을 모두 설명하는 관계식은 결과=a×b+b+c입니다. 마지막 행에 대입하면 4×2+2+7=17입니다. 검산: 마지막 행의 a=4, b=2, c=7를 대입합니다."
T17-24,4,T17,행별 산술 관계,5,T17-24-O1,1,d82b02f9b5d88e38588aba4fea28a4aea2238656b92a066ed2f8054aae69ceb1,"규칙: 앞의 두 행에 공통으로 성립하는 산술 관계를 찾아 마지막 행에 적용합니다. 적용: 예시 행들을 모두 설명하는 관계식은 결과=a×b+c입니다. 마지막 행에 대입하면 8×9+5=77입니다. 검산: 마지막 행의 a=8, b=9, c=5를 대입합니다."
T17-25,4,T17,행별 산술 관계,3,T17-25-O2,2,39e37370ff447a7a964c092e7fa0685024d33169570a876fc835b68ef68378e0,"규칙: 앞의 두 행에 공통으로 성립하는 산술 관계를 찾아 마지막 행에 적용합니다. 적용: 예시 행들을 모두 설명하는 관계식은 결과=a×b−c입니다. 마지막 행에 대입하면 10×4−1=39입니다. 검산: 마지막 행의 a=10, b=4, c=1를 대입합니다."
T17-26,4,T17,행별 산술 관계,4,T17-26-O3,3,c3bb49133e8e9d5a102000b2fee304b1611997b98f5826ac525a7d6345bf6068,"규칙: 앞의 두 행에 공통으로 성립하는 산술 관계를 찾아 마지막 행에 적용합니다. 적용: 예시 행들을 모두 설명하는 관계식은 결과=(a+b)×c입니다. 마지막 행에 대입하면 (5+2)×6=42입니다. 검산: 마지막 행의 a=5, b=2, c=6를 대입합니다."
T17-27,4,T17,행별 산술 관계,5,T17-27-O4,4,6984422b1876f6cb317ce820c55b9a6030e75eafaed2062e739bb36f144254b5,"규칙: 앞의 두 행에 공통으로 성립하는 산술 관계를 찾아 마지막 행에 적용합니다. 적용: 예시 행들을 모두 설명하는 관계식은 결과=a+b×c입니다. 마지막 행에 대입하면 4+9×6=58입니다. 검산: 마지막 행의 a=4, b=9, c=6를 대입합니다."
T18-01,3,T18,저울 등가관계,3,T18-01-O6,6,924369d888af1760b368eaf0a4217568b5752582f4fb4e026ca3ae79317874e0,규칙: 균형식 양변의 공통 도형을 상쇄하고 남은 도형을 등가 묶음으로 치환합니다. 적용: 파란 삼각형 하나는 노란 사각형 두 개와 같습니다. 검산: 선택한 묶음을 원래 저울식에 넣어 균형이 유지되는지 검산합니다.
T18-02,3,T18,저울 등가관계,3,T18-02-O1,1,69b1127a4239d7aec1571bc90d7dfe4954ca7fce83d48a141270cc779f79cc83,규칙: 균형식 양변의 공통 도형을 상쇄하고 남은 도형을 등가 묶음으로 치환합니다. 적용: 빨간 원 하나가 사각형 하나와 삼각형 하나이므로 두 원은 각각 두 개씩입니다. 검산: 선택한 묶음을 원래 저울식에 넣어 균형이 유지되는지 검산합니다.
T18-03,3,T18,저울 등가관계,4,T18-03-O3,3,60f3289fab40b7d43907e30e2c4f2570d59788b7bf243ae4e793857904c5c27b,규칙: 균형식 양변의 공통 도형을 상쇄하고 남은 도형을 등가 묶음으로 치환합니다. 적용: 첫 식에서 원 하나를 삼각형 하나로 바꾸면 오각형+삼각형=삼각형 3개이므로 오각형=삼각형 2개입니다. 검산: 선택한 묶음을 원래 저울식에 넣어 균형이 유지되는지 검산합니다.
T18-04,3,T18,저울 등가관계,5,T18-04-O2,2,d5232cf7cc3669e47b37d182b2d333d956f9e946f0e588a80ff40b7a6f3ea517,규칙: 균형식 양변의 공통 도형을 상쇄하고 남은 도형을 등가 묶음으로 치환합니다. 적용: 마름모는 원+사각형이고 사각형은 삼각형 두 개입니다. 검산: 선택한 묶음을 원래 저울식에 넣어 균형이 유지되는지 검산합니다.
T18-05,3,T18,저울 등가관계,5,T18-05-O1,1,fdd52a96574f832b85323db8a4f4cb1e960009822e82d4c6a3139c0f73c678ac,규칙: 균형식 양변의 공통 도형을 상쇄하고 남은 도형을 등가 묶음으로 치환합니다. 적용: 사각형과 삼각형의 무게가 같으므로 첫 식의 사각형을 삼각형으로 바꿀 수 있습니다. 검산: 선택한 묶음을 원래 저울식에 넣어 균형이 유지되는지 검산합니다.
T18-06,2,T18,저울 등가관계,4,T18-06-O5,5,5e259aaac8c90143f6cca5b3f3dd22d066277581e4f95d6676a5136637bc435b,"규칙: 균형식 양변의 공통 도형을 상쇄하고 남은 도형을 등가 묶음으로 치환합니다. 적용: 정사각형을 1로 두면 삼각형은 2, 원은 5입니다. 목표 무게는 7이고, 정답 보기의 무게도 7입니다. 검산: 선택한 묶음을 원래 저울식에 넣어 균형이 유지되는지 검산합니다."
T18-07,2,T18,저울 등가관계,4,T18-07-O6,6,93508d8a4ab995255d63c904aa0c04c7167a6b6e4a2c92293a380176a493ddbd,"규칙: 균형식 양변의 공통 도형을 상쇄하고 남은 도형을 등가 묶음으로 치환합니다. 적용: 정사각형을 1로 두면 삼각형은 3, 원은 11입니다. 목표 무게는 12이고, 정답 보기의 무게도 12입니다. 검산: 선택한 묶음을 원래 저울식에 넣어 균형이 유지되는지 검산합니다."
T18-08,2,T18,저울 등가관계,4,T18-08-O4,4,ccebb344a7255ac468a1c598f734fb158815fbf96efd4de3c92b8b823add60e4,"규칙: 균형식 양변의 공통 도형을 상쇄하고 남은 도형을 등가 묶음으로 치환합니다. 적용: 정사각형을 1로 두면 삼각형은 4, 원은 7입니다. 목표 무게는 7이고, 정답 보기의 무게도 7입니다. 검산: 선택한 묶음을 원래 저울식에 넣어 균형이 유지되는지 검산합니다."
T18-09,2,T18,저울 등가관계,5,T18-09-O2,2,f62df1f5007f915837dda61b310567258a798bc93856e866cac94a9a0d9ccc78,"규칙: 균형식 양변의 공통 도형을 상쇄하고 남은 도형을 등가 묶음으로 치환합니다. 적용: 정사각형을 1로 두면 삼각형은 2, 원은 5입니다. 목표 무게는 8이고, 정답 보기의 무게도 8입니다. 검산: 선택한 묶음을 원래 저울식에 넣어 균형이 유지되는지 검산합니다."
T18-10,2,T18,저울 등가관계,5,T18-10-O6,6,531b1dbb5ac073de40e6dca9381d1ecafa934da0dbdbba562f56be4eb553b388,"규칙: 균형식 양변의 공통 도형을 상쇄하고 남은 도형을 등가 묶음으로 치환합니다. 적용: 정사각형을 1로 두면 삼각형은 3, 원은 11입니다. 목표 무게는 11이고, 정답 보기의 무게도 11입니다. 검산: 선택한 묶음을 원래 저울식에 넣어 균형이 유지되는지 검산합니다."
T18-11,2,T18,저울 등가관계,5,T18-11-O5,5,af41f88ceab938c6e456bef81175893dd56875a0d0ef5da80673b38f9abc1a4a,"규칙: 균형식 양변의 공통 도형을 상쇄하고 남은 도형을 등가 묶음으로 치환합니다. 적용: 정사각형을 1로 두면 삼각형은 4, 원은 7입니다. 목표 무게는 8이고, 정답 보기의 무게도 8입니다. 검산: 선택한 묶음을 원래 저울식에 넣어 균형이 유지되는지 검산합니다."
T18-16,4,T18,저울 등가관계,2,T18-16-O5,5,4b9034c0cf408c20835cef77583949c3a2a30fd92646c1a815fe2f1759109656,"규칙: 균형식 양변의 공통 도형을 상쇄하고 남은 도형을 등가 묶음으로 치환합니다. 적용: 두 번째 도형은 첫 번째 도형 2개와 같고, 세 번째 도형은 첫 번째 도형 3개와 같습니다. 따라서 세 번째+두 번째=3+2=5개입니다. 검산: 두 값을 더하면 5개입니다."
T18-17,4,T18,저울 등가관계,4,T18-17-O6,6,a74eba589c986d892c366f730880f9aa42aac421b7795245a74ff2f42c2c0a87,"규칙: 균형식 양변의 공통 도형을 상쇄하고 남은 도형을 등가 묶음으로 치환합니다. 적용: 두 번째 도형은 첫 번째 도형 3개와 같고, 세 번째 도형은 첫 번째 도형 4개와 같습니다. 따라서 세 번째+두 번째=4+3=7개입니다. 검산: 두 값을 더하면 7개입니다."
T18-18,4,T18,저울 등가관계,5,T18-18-O7,7,aeea37d1688c8c80ae28ef42d3cefc295962d659c9ab3272d754fc243f197be1,"규칙: 균형식 양변의 공통 도형을 상쇄하고 남은 도형을 등가 묶음으로 치환합니다. 적용: 두 번째 도형은 첫 번째 도형 4개와 같고, 세 번째 도형은 첫 번째 도형 5개와 같습니다. 따라서 세 번째+두 번째=5+4=9개입니다. 검산: 두 값을 더하면 9개입니다."
T18-19,4,T18,저울 등가관계,3,T18-19-O8,8,27f89bb6f61cecc982ea6a6d8c17ef672b181e10ba7ddd965a64919245b0f3d7,"규칙: 균형식 양변의 공통 도형을 상쇄하고 남은 도형을 등가 묶음으로 치환합니다. 적용: 두 번째 도형은 첫 번째 도형 2개와 같고, 세 번째 도형은 첫 번째 도형 4개와 같습니다. 따라서 세 번째+두 번째=4+2=6개입니다. 검산: 두 값을 더하면 6개입니다."
T18-20,4,T18,저울 등가관계,4,T18-20-O1,1,1e6b9f77870385082ba453fc3c5f8792da9d208a4d57753779f9e61c8a68250e,"규칙: 균형식 양변의 공통 도형을 상쇄하고 남은 도형을 등가 묶음으로 치환합니다. 적용: 두 번째 도형은 첫 번째 도형 3개와 같고, 세 번째 도형은 첫 번째 도형 5개와 같습니다. 따라서 세 번째+두 번째=5+3=8개입니다. 검산: 두 값을 더하면 8개입니다."
T18-21,4,T18,저울 등가관계,5,T18-21-O2,2,a7e28bab6597345736fb083fc22b7cce74ff2116c32846c28bea2dc378f55e54,"규칙: 균형식 양변의 공통 도형을 상쇄하고 남은 도형을 등가 묶음으로 치환합니다. 적용: 두 번째 도형은 첫 번째 도형 4개와 같고, 세 번째 도형은 첫 번째 도형 6개와 같습니다. 따라서 세 번째+두 번째=6+4=10개입니다. 검산: 두 값을 더하면 10개입니다."
T18-22,4,T18,저울 등가관계,2,T18-22-O3,3,0db086f22e524ccdedf53892f6b838e5874b1ab99e77b962a2cbf299729c102f,"규칙: 균형식 양변의 공통 도형을 상쇄하고 남은 도형을 등가 묶음으로 치환합니다. 적용: 두 번째 도형은 첫 번째 도형 2개와 같고, 세 번째 도형은 첫 번째 도형 5개와 같습니다. 따라서 세 번째+두 번째=5+2=7개입니다. 검산: 두 값을 더하면 7개입니다."
T18-23,4,T18,저울 등가관계,4,T18-23-O4,4,581e6ebf266bc7f363322966949290c16f995f89ca5851aaa9ebc2a79e1afea3,"규칙: 균형식 양변의 공통 도형을 상쇄하고 남은 도형을 등가 묶음으로 치환합니다. 적용: 두 번째 도형은 첫 번째 도형 3개와 같고, 세 번째 도형은 첫 번째 도형 6개와 같습니다. 따라서 세 번째+두 번째=6+3=9개입니다. 검산: 두 값을 더하면 9개입니다."
T18-24,4,T18,저울 등가관계,5,T18-24-O5,5,82fa2881e33bd4a3ede1bd59cb0a726afe87afc7fdb7db267d4e9e3a51782125,"규칙: 균형식 양변의 공통 도형을 상쇄하고 남은 도형을 등가 묶음으로 치환합니다. 적용: 두 번째 도형은 첫 번째 도형 4개와 같고, 세 번째 도형은 첫 번째 도형 7개와 같습니다. 따라서 세 번째+두 번째=7+4=11개입니다. 검산: 두 값을 더하면 11개입니다."
T18-25,4,T18,저울 등가관계,3,T18-25-O6,6,c72d4986ce779b914d330ba16d56d4c9f9529ec93b2c32ad2adef8455f7601ed,"규칙: 균형식 양변의 공통 도형을 상쇄하고 남은 도형을 등가 묶음으로 치환합니다. 적용: 두 번째 도형은 첫 번째 도형 2개와 같고, 세 번째 도형은 첫 번째 도형 3개와 같습니다. 따라서 세 번째+두 번째=3+2=5개입니다. 검산: 두 값을 더하면 5개입니다."
T18-26,4,T18,저울 등가관계,4,T18-26-O7,7,b8819281ca0bf46c95b9d1c3047070241c003008098cc45f392baffd9ab99118,"규칙: 균형식 양변의 공통 도형을 상쇄하고 남은 도형을 등가 묶음으로 치환합니다. 적용: 두 번째 도형은 첫 번째 도형 3개와 같고, 세 번째 도형은 첫 번째 도형 4개와 같습니다. 따라서 세 번째+두 번째=4+3=7개입니다. 검산: 두 값을 더하면 7개입니다."
T18-27,4,T18,저울 등가관계,5,T18-27-O8,8,1390e90f41bedba8d900ee82af4c3a83e46f6198264c45aaa83b216fa2fa44b5,"규칙: 균형식 양변의 공통 도형을 상쇄하고 남은 도형을 등가 묶음으로 치환합니다. 적용: 두 번째 도형은 첫 번째 도형 4개와 같고, 세 번째 도형은 첫 번째 도형 5개와 같습니다. 따라서 세 번째+두 번째=5+4=9개입니다. 검산: 두 값을 더하면 9개입니다."
T20-01,3,T20,나이 차·비율 방정식,2,T20-01-O8,8,48f0a0b174d89a877e124fd996dc9615b1de8a4b1f822fec0dbd92639d34ca19,"규칙: 두 사람에게 같은 시간이 더해지므로 나이 차는 유지된다는 방정식을 세웁니다. 적용: 두 사람의 나이 차는 항상 20세입니다. 민수의 나이를 x라 두면 지훈은 x+20이고, x+20=2x를 풀면 x=20입니다. 검산: 구한 미래 나이를 원래 비율에 대입해 검산합니다."
T20-02,3,T20,나이 차·비율 방정식,2,T20-02-O8,8,6e7eabca6d1ba3e9aaf69de8b707dad3d47e44c9c90ff0637c7e199c099aede4,"규칙: 두 사람에게 같은 시간이 더해지므로 나이 차는 유지된다는 방정식을 세웁니다. 적용: 두 사람의 나이 차는 항상 24세입니다. 서윤의 나이를 x라 두면 은지는 x+24이고, x+24=2.5x를 풀면 x=16입니다. 검산: 구한 미래 나이를 원래 비율에 대입해 검산합니다."
T20-03,3,T20,나이 차·비율 방정식,3,T20-03-O1,1,dce10411524f3ff908e47191e15efce2d74f1b52d2ce28b9981a16a4254c8a26,"규칙: 두 사람에게 같은 시간이 더해지므로 나이 차는 유지된다는 방정식을 세웁니다. 적용: 두 사람의 나이 차는 항상 30세입니다. 도윤의 나이를 x라 두면 성호는 x+30이고, x+30=1.5x를 풀면 x=60입니다. 검산: 구한 미래 나이를 원래 비율에 대입해 검산합니다."
T20-04,3,T20,나이 차·비율 방정식,4,T20-04-O8,8,ba94c0d8b783bbea53dd5a35c524fc3e7c9fad3187557bafea0d606eadad81c6,"규칙: 두 사람에게 같은 시간이 더해지므로 나이 차는 유지된다는 방정식을 세웁니다. 적용: 두 사람의 나이 차는 항상 18세입니다. 하린의 나이를 x라 두면 수아는 x+18이고, x+18=2x를 풀면 x=18입니다. 검산: 구한 미래 나이를 원래 비율에 대입해 검산합니다."
T20-05,3,T20,나이 차·비율 방정식,4,T20-05-O7,7,718855b2a6f91ac5aa0a3d1c9983a24718691f800730ceaba50993c338708bf5,"규칙: 두 사람에게 같은 시간이 더해지므로 나이 차는 유지된다는 방정식을 세웁니다. 적용: 두 사람의 나이 차는 항상 36세입니다. 준호의 나이를 x라 두면 태현은 x+36이고, x+36=2.5x를 풀면 x=24입니다. 검산: 구한 미래 나이를 원래 비율에 대입해 검산합니다."
T20-06,2,T20,나이 차·비율 방정식,3,T20-06-O6,6,41bdbd7d49eb0a483de46d8af3f3f13f772037720d4ab12735dbd9501bd4f922,규칙: 두 사람에게 같은 시간이 더해지므로 나이 차는 유지된다는 방정식을 세웁니다. 적용: 두 사람에게 같은 시간이 더해지거나 빠진다는 점을 식으로 세우면 현재 아들은 16세입니다. 나이 차는 항상 일정합니다. 검산: 구한 미래 나이를 원래 비율에 대입해 검산합니다.
T20-07,2,T20,나이 차·비율 방정식,3,T20-07-O1,1,0ac33da374e46de34408a50695a10da2f8be67d0a619d7f228588c5eccaa3718,규칙: 두 사람에게 같은 시간이 더해지므로 나이 차는 유지된다는 방정식을 세웁니다. 적용: 두 사람에게 같은 시간이 더해지거나 빠진다는 점을 식으로 세우면 현재 딸은 11세입니다. 나이 차는 항상 일정합니다. 검산: 구한 미래 나이를 원래 비율에 대입해 검산합니다.
T20-08,2,T20,나이 차·비율 방정식,3,T20-08-O1,1,8f0b591113e8a897419254b855c2cdf50b22c4cee33230ef8d2a095dd2450bd4,규칙: 두 사람에게 같은 시간이 더해지므로 나이 차는 유지된다는 방정식을 세웁니다. 적용: 두 사람에게 같은 시간이 더해지거나 빠진다는 점을 식으로 세우면 현재 동생은 12세입니다. 나이 차는 항상 일정합니다. 검산: 구한 미래 나이를 원래 비율에 대입해 검산합니다.
T20-09,2,T20,나이 차·비율 방정식,4,T20-09-O6,6,0d59d6e0e4aa6eb34caaa86d174c9c1c17ab2903aa9fed5086feb14b5a4536d6,규칙: 두 사람에게 같은 시간이 더해지므로 나이 차는 유지된다는 방정식을 세웁니다. 적용: 두 사람에게 같은 시간이 더해지거나 빠진다는 점을 식으로 세우면 현재 후배은 16세입니다. 나이 차는 항상 일정합니다. 검산: 구한 미래 나이를 원래 비율에 대입해 검산합니다.
T20-10,2,T20,나이 차·비율 방정식,4,T20-10-O5,5,ef6ada3e3633baff777cdf9ea860e7f0847f13d1e46bd4eea9cf87af8b984830,규칙: 두 사람에게 같은 시간이 더해지므로 나이 차는 유지된다는 방정식을 세웁니다. 적용: 두 사람에게 같은 시간이 더해지거나 빠진다는 점을 식으로 세우면 현재 연소자은 18세입니다. 나이 차는 항상 일정합니다. 검산: 구한 미래 나이를 원래 비율에 대입해 검산합니다.
T20-11,2,T20,나이 차·비율 방정식,4,T20-11-O2,2,90c824b845a7d782e06f27b13b221bd4b230e589874447e4afee6513092a4ae0,규칙: 두 사람에게 같은 시간이 더해지므로 나이 차는 유지된다는 방정식을 세웁니다. 적용: 두 사람에게 같은 시간이 더해지거나 빠진다는 점을 식으로 세우면 현재 연소자은 18세입니다. 나이 차는 항상 일정합니다. 검산: 구한 미래 나이를 원래 비율에 대입해 검산합니다.
T20-12,2,T20,나이 차·비율 방정식,4,T20-12-O4,4,092d4ac3ce48db68337e43590241410de81c29b682e09a4788cbfd4f12cfce1d,규칙: 두 사람에게 같은 시간이 더해지므로 나이 차는 유지된다는 방정식을 세웁니다. 적용: 두 사람에게 같은 시간이 더해지거나 빠진다는 점을 식으로 세우면 현재 손자은 20세입니다. 나이 차는 항상 일정합니다. 검산: 구한 미래 나이를 원래 비율에 대입해 검산합니다.
T20-13,2,T20,나이 차·비율 방정식,5,T20-13-O3,3,2084dbbdaf573365a9c06033cbc1a8c969ed269dfa6ad1efe84e732fa7ab8eca,규칙: 두 사람에게 같은 시간이 더해지므로 나이 차는 유지된다는 방정식을 세웁니다. 적용: 두 사람에게 같은 시간이 더해지거나 빠진다는 점을 식으로 세우면 현재 동생은 16세입니다. 나이 차는 항상 일정합니다. 검산: 구한 미래 나이를 원래 비율에 대입해 검산합니다.
T20-14,2,T20,나이 차·비율 방정식,5,T20-14-O2,2,fa70d27e1033e73e62fc7c81b4d6ffb4ea63828431c1218b190c842a6c27a65e,규칙: 두 사람에게 같은 시간이 더해지므로 나이 차는 유지된다는 방정식을 세웁니다. 적용: 두 사람에게 같은 시간이 더해지거나 빠진다는 점을 식으로 세우면 현재 아들은 5세입니다. 나이 차는 항상 일정합니다. 검산: 구한 미래 나이를 원래 비율에 대입해 검산합니다.
T20-15,2,T20,나이 차·비율 방정식,5,T20-15-O1,1,e3b9495608ded97909b1d4d7a1c6b3d57bebcbc9e8f168299b5707f49aff0977,규칙: 두 사람에게 같은 시간이 더해지므로 나이 차는 유지된다는 방정식을 세웁니다. 적용: 두 사람에게 같은 시간이 더해지거나 빠진다는 점을 식으로 세우면 현재 딸은 21세입니다. 나이 차는 항상 일정합니다. 검산: 구한 미래 나이를 원래 비율에 대입해 검산합니다.
T20-16,4,T20,나이 차·비율 방정식,2,T20-16-O1,1,d114363a3fbe2c6edf4fe8325d6409ce3c3b98946d728fa7e9352a4fb98734d0,규칙: 두 사람에게 같은 시간이 더해지므로 나이 차는 유지된다는 방정식을 세웁니다. 적용: 현재 지우의 나이를 x라 하면 민수의 나이는 x+54입니다. 8년 뒤 x+54+8=3(x+8)이므로 x=19입니다. 검산: 주어진 시점의 배수 관계를 방정식으로 만들어 풉니다.
T20-17,4,T20,나이 차·비율 방정식,4,T20-17-O2,2,35019f3c90913ac4afabf5cdc781be20cac7a29496a452de6ffc1372e36f8297,"규칙: 두 사람에게 같은 시간이 더해지므로 나이 차는 유지된다는 방정식을 세웁니다. 적용: 현재 서준의 나이를 x라 하면 도윤의 나이는 x+32입니다. 2년 전 x+32-2=3(x-2)을 풀면 서준은 18세이고, 도윤은 50세입니다. 검산: 주어진 시점의 배수 관계를 방정식으로 만들어 풉니다."
T20-18,4,T20,나이 차·비율 방정식,5,T20-18-O3,3,66508ce5a178a0349d037b0ff929db962ef50251fd75a7ae0d8ebd5223b3a016,규칙: 두 사람에게 같은 시간이 더해지므로 나이 차는 유지된다는 방정식을 세웁니다. 적용: 현재 유진의 나이를 x라 하면 현우의 나이는 42-x입니다. 3년 뒤 42-x+3=2(x+3)이므로 x=13입니다. 검산: 주어진 시점의 배수 관계를 방정식으로 만들어 풉니다.
T20-19,4,T20,나이 차·비율 방정식,3,T20-19-O4,4,0999ea6f6055f076a93eadaa056dd24c95c1cbbc6d0fe5c9df8633202a9fa950,규칙: 두 사람에게 같은 시간이 더해지므로 나이 차는 유지된다는 방정식을 세웁니다. 적용: 6년 전 지민의 나이는 13×2=26세였습니다. 현재는 6년이 지났으므로 26+6=32세입니다. 검산: 주어진 시점의 배수 관계를 방정식으로 만들어 풉니다.
T20-20,4,T20,나이 차·비율 방정식,4,T20-20-O5,5,1869e1136977c93b54379dcf4c3c0111834b5a4ae2895961d5767ba8956c7139,규칙: 두 사람에게 같은 시간이 더해지므로 나이 차는 유지된다는 방정식을 세웁니다. 적용: 현재 윤호의 나이를 x라 하면 수아의 나이는 x+14입니다. 4년 뒤 x+14+4=2(x+4)이므로 x=10입니다. 검산: 주어진 시점의 배수 관계를 방정식으로 만들어 풉니다.
T20-21,4,T20,나이 차·비율 방정식,5,T20-21-O6,6,465d191d645d61ec1b2bae430c4088005148a97fbdf78aa03842af630c0d26c4,"규칙: 두 사람에게 같은 시간이 더해지므로 나이 차는 유지된다는 방정식을 세웁니다. 적용: 현재 태오의 나이를 x라 하면 예린의 나이는 x+34입니다. 3년 전 x+34-3=3(x-3)을 풀면 태오는 20세이고, 예린은 54세입니다. 검산: 주어진 시점의 배수 관계를 방정식으로 만들어 풉니다."
T20-22,4,T20,나이 차·비율 방정식,2,T20-22-O7,7,4fe8891038485e4957e302bd777d593c69ad590de57567b40955469bca6f2086,규칙: 두 사람에게 같은 시간이 더해지므로 나이 차는 유지된다는 방정식을 세웁니다. 적용: 현재 지우의 나이를 x라 하면 민수의 나이는 54-x입니다. 3년 뒤 54-x+3=2(x+3)이므로 x=17입니다. 검산: 주어진 시점의 배수 관계를 방정식으로 만들어 풉니다.
T20-23,4,T20,나이 차·비율 방정식,4,T20-23-O8,8,4921d36adf695a33b671fb01c73765eeac5b063d4a8e5c938fbfd9040effc31b,규칙: 두 사람에게 같은 시간이 더해지므로 나이 차는 유지된다는 방정식을 세웁니다. 적용: 3년 전 도윤의 나이는 10×2=20세였습니다. 현재는 3년이 지났으므로 20+3=23세입니다. 검산: 주어진 시점의 배수 관계를 방정식으로 만들어 풉니다.
T20-24,4,T20,나이 차·비율 방정식,5,T20-24-O1,1,593e8a6738d745900637acc6e3f49c22db474dc802e6d548721e4238ecaff692,규칙: 두 사람에게 같은 시간이 더해지므로 나이 차는 유지된다는 방정식을 세웁니다. 적용: 현재 유진의 나이를 x라 하면 현우의 나이는 x+50입니다. 7년 뒤 x+50+7=3(x+7)이므로 x=18입니다. 검산: 주어진 시점의 배수 관계를 방정식으로 만들어 풉니다.
T20-25,4,T20,나이 차·비율 방정식,3,T20-25-O2,2,93ec92cba42f7675d43e7f7b74b92be0d8b589b030479599c648b7ad36c2c238,"규칙: 두 사람에게 같은 시간이 더해지므로 나이 차는 유지된다는 방정식을 세웁니다. 적용: 현재 하준의 나이를 x라 하면 지민의 나이는 x+7입니다. 4년 전 x+7-4=2(x-4)을 풀면 하준은 11세이고, 지민은 18세입니다. 검산: 주어진 시점의 배수 관계를 방정식으로 만들어 풉니다."
T20-26,4,T20,나이 차·비율 방정식,4,T20-26-O3,3,6fb5e7562388aa82bdd022b231eb92340457d003cc14831a7d1a65344add5ffd,규칙: 두 사람에게 같은 시간이 더해지므로 나이 차는 유지된다는 방정식을 세웁니다. 적용: 현재 윤호의 나이를 x라 하면 수아의 나이는 30-x입니다. 3년 뒤 30-x+3=2(x+3)이므로 x=9입니다. 검산: 주어진 시점의 배수 관계를 방정식으로 만들어 풉니다.
T20-27,4,T20,나이 차·비율 방정식,5,T20-27-O4,4,571b19948f85d8ac3bbbb2e455ff4b9472143090a2e461f17e5eac524f616ccc,규칙: 두 사람에게 같은 시간이 더해지므로 나이 차는 유지된다는 방정식을 세웁니다. 적용: 4년 전 예린의 나이는 13×2=26세였습니다. 현재는 4년이 지났으므로 26+4=30세입니다. 검산: 주어진 시점의 배수 관계를 방정식으로 만들어 풉니다.
T21-01,3,T21,격자 속 모든 직사각형,2,T21-01-O5,5,3617e70ab18ef9c8bff0c94451915e472bc2677017583f8d386506f474260aae,"규칙: 가로선 두 개와 세로선 두 개를 고르는 모든 조합이 직사각형 하나를 만듭니다. 적용: 가로 경계선 2개 중 2개, 세로 경계선 5개 중 2개를 고르면 직사각형 하나가 정해집니다. C(2,2)×C(5,2)=10입니다. 검산: 정사각형을 제외하거나 같은 직사각형을 중복하지 않았는지 검산합니다."
T21-02,3,T21,격자 속 모든 직사각형,2,T21-02-O5,5,6dec1f90ddad147e767cbaeab1afdd4547387a732addfce76af6b82791d1423d,"규칙: 가로선 두 개와 세로선 두 개를 고르는 모든 조합이 직사각형 하나를 만듭니다. 적용: 가로 경계선 3개 중 2개, 세로 경계선 5개 중 2개를 고르면 직사각형 하나가 정해집니다. C(3,2)×C(5,2)=30입니다. 검산: 정사각형을 제외하거나 같은 직사각형을 중복하지 않았는지 검산합니다."
T21-03,3,T21,격자 속 모든 직사각형,3,T21-03-O5,5,55f85402cdf2c9e313e76491a18d4cad1d8c50d1318058f2e83ca49e6b786102,"규칙: 가로선 두 개와 세로선 두 개를 고르는 모든 조합이 직사각형 하나를 만듭니다. 적용: 가로 경계선 4개 중 2개, 세로 경계선 4개 중 2개를 고르면 직사각형 하나가 정해집니다. C(4,2)×C(4,2)=36입니다. 검산: 정사각형을 제외하거나 같은 직사각형을 중복하지 않았는지 검산합니다."
T21-04,3,T21,격자 속 모든 직사각형,4,T21-04-O1,1,5c743461585ae715073ec56b78d29729ade82ed5c2bc5c6f7b8668510febbfbe,"규칙: 가로선 두 개와 세로선 두 개를 고르는 모든 조합이 직사각형 하나를 만듭니다. 적용: 가로 경계선 4개 중 2개, 세로 경계선 5개 중 2개를 고르면 직사각형 하나가 정해집니다. C(4,2)×C(5,2)=60입니다. 검산: 정사각형을 제외하거나 같은 직사각형을 중복하지 않았는지 검산합니다."
T21-05,3,T21,격자 속 모든 직사각형,4,T21-05-O5,5,1f4468c0afa4743d7b29fc24e00e16060da52051be872a2c6118a13f8b5337ce,"규칙: 가로선 두 개와 세로선 두 개를 고르는 모든 조합이 직사각형 하나를 만듭니다. 적용: 가로 경계선 5개 중 2개, 세로 경계선 6개 중 2개를 고르면 직사각형 하나가 정해집니다. C(5,2)×C(6,2)=150입니다. 검산: 정사각형을 제외하거나 같은 직사각형을 중복하지 않았는지 검산합니다."
T21-06,2,T21,격자 속 모든 직사각형,3,T21-06-O2,2,4a3c3e93f608b9e7c0335735033dc3971930bdebd3327b468e3a7087aba9e81b,"규칙: 가로선 두 개와 세로선 두 개를 고르는 모든 조합이 직사각형 하나를 만듭니다. 적용: 가로선 4개에서 2개, 세로선 5개에서 2개를 고르므로 C(4,2)×C(5,2)=60입니다. 검산: 정사각형을 제외하거나 같은 직사각형을 중복하지 않았는지 검산합니다."
T21-07,2,T21,격자 속 모든 직사각형,3,T21-07-O4,4,99bae683d704be24852e13e2da1aa2c7e132ae2664eced727ca16a0b675c34bf,"규칙: 가로선 두 개와 세로선 두 개를 고르는 모든 조합이 직사각형 하나를 만듭니다. 적용: 가로선 5개에서 2개, 세로선 5개에서 2개를 고르므로 C(5,2)×C(5,2)=100입니다. 검산: 정사각형을 제외하거나 같은 직사각형을 중복하지 않았는지 검산합니다."
T21-08,2,T21,격자 속 모든 직사각형,3,T21-08-O3,3,fc29a2415f2dc9a04f26cb4929ef183f64c7e99da6c845f8d8b4a3192298a9e8,"규칙: 가로선 두 개와 세로선 두 개를 고르는 모든 조합이 직사각형 하나를 만듭니다. 적용: 가로선 4개에서 2개, 세로선 6개에서 2개를 고르므로 C(4,2)×C(6,2)=90입니다. 검산: 정사각형을 제외하거나 같은 직사각형을 중복하지 않았는지 검산합니다."
T21-09,2,T21,격자 속 모든 직사각형,4,T21-09-O5,5,65dd337870ae55da7acec6740f141b8294b05dea87939d14d7d502041aaf914c,"규칙: 가로선 두 개와 세로선 두 개를 고르는 모든 조합이 직사각형 하나를 만듭니다. 적용: 가로선 5개에서 2개, 세로선 6개에서 2개를 고르므로 C(5,2)×C(6,2)=150입니다. 검산: 정사각형을 제외하거나 같은 직사각형을 중복하지 않았는지 검산합니다."
T21-10,2,T21,격자 속 모든 직사각형,4,T21-10-O8,8,8502dfb45e79dcd4957591c76021e140c775640280089c8391eb41c0cd7d2e10,"규칙: 가로선 두 개와 세로선 두 개를 고르는 모든 조합이 직사각형 하나를 만듭니다. 적용: 가로선 6개에서 2개, 세로선 6개에서 2개를 고르므로 C(6,2)×C(6,2)=225입니다. 검산: 정사각형을 제외하거나 같은 직사각형을 중복하지 않았는지 검산합니다."
T21-11,2,T21,격자 속 모든 직사각형,4,T21-11-O6,6,80c40ce27ff8ac9bb9da317b73e57149011df72bcb83cd259371d12a73def078,"규칙: 가로선 두 개와 세로선 두 개를 고르는 모든 조합이 직사각형 하나를 만듭니다. 적용: 위 경계 2가지, 아래 경계 2가지, 왼쪽 3가지, 오른쪽 2가지를 곱해 24입니다. 검산: 정사각형을 제외하거나 같은 직사각형을 중복하지 않았는지 검산합니다."
T21-12,2,T21,격자 속 모든 직사각형,4,T21-12-O6,6,e0ebf4d84fb9d661035e266a27b68eeaff7c3219af73bef4fd1beb87b4ba682e,"규칙: 가로선 두 개와 세로선 두 개를 고르는 모든 조합이 직사각형 하나를 만듭니다. 적용: 위 경계 3가지, 아래 경계 2가지, 왼쪽 2가지, 오른쪽 4가지를 곱해 48입니다. 검산: 정사각형을 제외하거나 같은 직사각형을 중복하지 않았는지 검산합니다."
T21-13,2,T21,격자 속 모든 직사각형,5,T21-13-O5,5,2a2a3162e2db053ff94da64c73cc9f159e8e9d0f601c8fa2d657cf1cedf8f47c,"규칙: 가로선 두 개와 세로선 두 개를 고르는 모든 조합이 직사각형 하나를 만듭니다. 적용: 위 경계 3가지, 아래 경계 3가지, 왼쪽 3가지, 오른쪽 3가지를 곱해 81입니다. 검산: 정사각형을 제외하거나 같은 직사각형을 중복하지 않았는지 검산합니다."
T21-14,2,T21,격자 속 모든 직사각형,5,T21-14-O7,7,c20a2c5ffaae11b433d609129136055bf20d95acafe1e5ab566109f147239cb5,규칙: 가로선 두 개와 세로선 두 개를 고르는 모든 조합이 직사각형 하나를 만듭니다. 적용: 전체 직사각형 60개에서 정사각형 20개를 빼면 40입니다. 검산: 정사각형을 제외하거나 같은 직사각형을 중복하지 않았는지 검산합니다.
T21-15,2,T21,격자 속 모든 직사각형,5,T21-15-O1,1,df56c95be4496469a81d37846b778b6bb04b3ca187c61c375e2268a5d9eb5573,규칙: 가로선 두 개와 세로선 두 개를 고르는 모든 조합이 직사각형 하나를 만듭니다. 적용: 전체 직사각형 150개에서 정사각형 40개를 빼면 110입니다. 검산: 정사각형을 제외하거나 같은 직사각형을 중복하지 않았는지 검산합니다.
T21-16,4,T21,격자 속 모든 직사각형,1,T21-16-O5,5,489f72651d686f8e5501d6d196ca80f33cd3a562bdff63f7e6bbb02249a861d8,"규칙: 가로선 두 개와 세로선 두 개를 고르는 모든 조합이 직사각형 하나를 만듭니다. 적용: 가로 경계선 3개 중 2개를 고르는 방법은 3가지, 세로 경계선 5개 중 2개를 고르는 방법은 10가지입니다. 따라서 3×10=30개입니다. 검산: 두 선택을 조합하면 30개입니다."
T21-17,4,T21,격자 속 모든 직사각형,4,T21-17-O6,6,313c6230ea170614895d65a17800280a8ac13f3ce3686b6e747f7401082a9b1d,"규칙: 가로선 두 개와 세로선 두 개를 고르는 모든 조합이 직사각형 하나를 만듭니다. 적용: 가로 경계선 4개 중 2개를 고르는 방법은 6가지, 세로 경계선 5개 중 2개를 고르는 방법은 10가지입니다. 따라서 6×10=60개입니다. 검산: 두 선택을 조합하면 60개입니다."
T21-18,4,T21,격자 속 모든 직사각형,5,T21-18-O7,7,7d07103d35f529db006efbc031dc22c4b5123bca75876097429508a21bb66825,"규칙: 가로선 두 개와 세로선 두 개를 고르는 모든 조합이 직사각형 하나를 만듭니다. 적용: 가로 경계선 4개 중 2개를 고르는 방법은 6가지, 세로 경계선 6개 중 2개를 고르는 방법은 15가지입니다. 따라서 6×15=90개입니다. 검산: 두 선택을 조합하면 90개입니다."
T21-19,4,T21,격자 속 모든 직사각형,3,T21-19-O8,8,e19448db6296d641aff53baff865d36e375d1bebad64ac9a582a342fe4289963,"규칙: 가로선 두 개와 세로선 두 개를 고르는 모든 조합이 직사각형 하나를 만듭니다. 적용: 가로 경계선 5개 중 2개를 고르는 방법은 10가지, 세로 경계선 6개 중 2개를 고르는 방법은 15가지입니다. 따라서 10×15=150개입니다. 검산: 두 선택을 조합하면 150개입니다."
T21-20,4,T21,격자 속 모든 직사각형,4,T21-20-O1,1,40aaa0f5b7fd0f7f06a38140da5710b0761f3c2552b4b9d1c2593714d86b9996,"규칙: 가로선 두 개와 세로선 두 개를 고르는 모든 조합이 직사각형 하나를 만듭니다. 적용: 가로 경계선 5개 중 2개를 고르는 방법은 10가지, 세로 경계선 7개 중 2개를 고르는 방법은 21가지입니다. 따라서 10×21=210개입니다. 검산: 두 선택을 조합하면 210개입니다."
T21-21,4,T21,격자 속 모든 직사각형,5,T21-21-O2,2,1c2d1c8bfa345023c4714684c8a0fb7df694b93d0bd3f61f34fd93a68261cdd2,"규칙: 가로선 두 개와 세로선 두 개를 고르는 모든 조합이 직사각형 하나를 만듭니다. 적용: 가로 경계선 6개 중 2개를 고르는 방법은 15가지, 세로 경계선 7개 중 2개를 고르는 방법은 21가지입니다. 따라서 15×21=315개입니다. 검산: 두 선택을 조합하면 315개입니다."
T21-22,4,T21,격자 속 모든 직사각형,1,T21-22-O3,3,c997a0abdc5028c528c479d026e12203bb58aa8b72759dd21a3fb437c2932bde,"규칙: 가로선 두 개와 세로선 두 개를 고르는 모든 조합이 직사각형 하나를 만듭니다. 적용: 가로 경계선 6개 중 2개를 고르는 방법은 15가지, 세로 경계선 8개 중 2개를 고르는 방법은 28가지입니다. 따라서 15×28=420개입니다. 검산: 두 선택을 조합하면 420개입니다."
T21-23,4,T21,격자 속 모든 직사각형,4,T21-23-O4,4,60ab236eb4f7d4a291b3304d1f7e37386086bc4b293bff98df1b60bb279a7619,"규칙: 가로선 두 개와 세로선 두 개를 고르는 모든 조합이 직사각형 하나를 만듭니다. 적용: 가로 경계선 7개 중 2개를 고르는 방법은 21가지, 세로 경계선 8개 중 2개를 고르는 방법은 28가지입니다. 따라서 21×28=588개입니다. 검산: 두 선택을 조합하면 588개입니다."
T21-24,4,T21,격자 속 모든 직사각형,5,T21-24-O5,5,5d268a4573010b64ae4c0c60c0130980b54c22b0453fa8d9be65ea76ac1ad982,"규칙: 가로선 두 개와 세로선 두 개를 고르는 모든 조합이 직사각형 하나를 만듭니다. 적용: 가로 경계선 7개 중 2개를 고르는 방법은 21가지, 세로 경계선 9개 중 2개를 고르는 방법은 36가지입니다. 따라서 21×36=756개입니다. 검산: 두 선택을 조합하면 756개입니다."
T21-25,4,T21,격자 속 모든 직사각형,3,T21-25-O6,6,ea19fac896e4dad277701be7413c8387bc6fe8e87039e39833ea9c097e2df79d,"규칙: 가로선 두 개와 세로선 두 개를 고르는 모든 조합이 직사각형 하나를 만듭니다. 적용: 가로 경계선 5개 중 2개를 고르는 방법은 10가지, 세로 경계선 9개 중 2개를 고르는 방법은 36가지입니다. 따라서 10×36=360개입니다. 검산: 두 선택을 조합하면 360개입니다."
T21-26,4,T21,격자 속 모든 직사각형,4,T21-26-O7,7,62771e9116ecf8ed81e155cf844afe442ac3efe2c58f4eb79062d1d7820ee086,"규칙: 가로선 두 개와 세로선 두 개를 고르는 모든 조합이 직사각형 하나를 만듭니다. 적용: 가로 경계선 6개 중 2개를 고르는 방법은 15가지, 세로 경계선 9개 중 2개를 고르는 방법은 36가지입니다. 따라서 15×36=540개입니다. 검산: 두 선택을 조합하면 540개입니다."
T21-27,4,T21,격자 속 모든 직사각형,5,T21-27-O8,8,a1fc6e8d7f6e924095ac8dd79ad849b261548496f4315d9c92bcfab3a141587c,"규칙: 가로선 두 개와 세로선 두 개를 고르는 모든 조합이 직사각형 하나를 만듭니다. 적용: 가로 경계선 8개 중 2개를 고르는 방법은 28가지, 세로 경계선 9개 중 2개를 고르는 방법은 36가지입니다. 따라서 28×36=1008개입니다. 검산: 두 선택을 조합하면 1008개입니다."
T22-01,3,T22,목표 다각형 빠르게 세기,3,T22-01-O2,2,42d34b904563edb43b4a98b24138ba0afbdefa7339969d6b6529adfddb9c977e,규칙: 방향과 크기가 달라도 변의 수가 같은 목표 다각형을 행별로 셉니다. 적용: 행별로 6각형만 표시해 소계를 낸 뒤 합치면 총 8개입니다. 방향이나 크기가 달라도 변의 수가 6개면 포함합니다. 검산: 회전된 도형을 빠뜨리거나 한 도형을 두 번 세지 않았는지 검산합니다.
T22-02,3,T22,목표 다각형 빠르게 세기,3,T22-02-O8,8,8ba4bbf98426badac74898859613615b07cf89a0afa8f07ad13f787331a751b0,규칙: 방향과 크기가 달라도 변의 수가 같은 목표 다각형을 행별로 셉니다. 적용: 행별로 5각형만 표시해 소계를 낸 뒤 합치면 총 7개입니다. 방향이나 크기가 달라도 변의 수가 5개면 포함합니다. 검산: 회전된 도형을 빠뜨리거나 한 도형을 두 번 세지 않았는지 검산합니다.
T22-03,3,T22,목표 다각형 빠르게 세기,4,T22-03-O5,5,03434df0999f84443ef770601315e4852d12788a959652661771fef941af0031,규칙: 방향과 크기가 달라도 변의 수가 같은 목표 다각형을 행별로 셉니다. 적용: 행별로 7각형만 표시해 소계를 낸 뒤 합치면 총 6개입니다. 방향이나 크기가 달라도 변의 수가 7개면 포함합니다. 검산: 회전된 도형을 빠뜨리거나 한 도형을 두 번 세지 않았는지 검산합니다.
T22-04,3,T22,목표 다각형 빠르게 세기,5,T22-04-O8,8,3758a08b26599ea0b7bca7a1468081fcf9cc878aa95722ecb446d0d7ccf674e5,규칙: 방향과 크기가 달라도 변의 수가 같은 목표 다각형을 행별로 셉니다. 적용: 행별로 8각형만 표시해 소계를 낸 뒤 합치면 총 9개입니다. 방향이나 크기가 달라도 변의 수가 8개면 포함합니다. 검산: 회전된 도형을 빠뜨리거나 한 도형을 두 번 세지 않았는지 검산합니다.
T22-05,3,T22,목표 다각형 빠르게 세기,5,T22-05-O3,3,7c2a181e69397dcc861b532a48dc64f6b0bb1f2242aa007689119dac41dbff0b,규칙: 방향과 크기가 달라도 변의 수가 같은 목표 다각형을 행별로 셉니다. 적용: 행별로 4각형만 표시해 소계를 낸 뒤 합치면 총 5개입니다. 방향이나 크기가 달라도 변의 수가 4개면 포함합니다. 검산: 회전된 도형을 빠뜨리거나 한 도형을 두 번 세지 않았는지 검산합니다.
T22-06,2,T22,목표 다각형 빠르게 세기,4,T22-06-O4,4,3de4d6ef75e89543e0b0d4bd6664a7b9adc0b9be4035876745544508a7b79b62,규칙: 방향과 크기가 달라도 변의 수가 같은 목표 다각형을 행별로 셉니다. 적용: 행별로 6개의 변을 가진 도형만 표시해 세면 총 7개입니다. 회전 방향이나 크기는 변의 수에 영향을 주지 않습니다. 검산: 회전된 도형을 빠뜨리거나 한 도형을 두 번 세지 않았는지 검산합니다.
T22-07,2,T22,목표 다각형 빠르게 세기,4,T22-07-O2,2,b6ba542a52c1117b49754d5515d12e1842a16629506e39121339c8baf9c2bfcf,규칙: 방향과 크기가 달라도 변의 수가 같은 목표 다각형을 행별로 셉니다. 적용: 행별로 7개의 변을 가진 도형만 표시해 세면 총 8개입니다. 회전 방향이나 크기는 변의 수에 영향을 주지 않습니다. 검산: 회전된 도형을 빠뜨리거나 한 도형을 두 번 세지 않았는지 검산합니다.
T22-08,2,T22,목표 다각형 빠르게 세기,4,T22-08-O1,1,5b352c7746955366c04b950ba8d64ab7eeecc019a5e9ec78ffae8cb6846b5305,규칙: 방향과 크기가 달라도 변의 수가 같은 목표 다각형을 행별로 셉니다. 적용: 행별로 5개의 변을 가진 도형만 표시해 세면 총 9개입니다. 회전 방향이나 크기는 변의 수에 영향을 주지 않습니다. 검산: 회전된 도형을 빠뜨리거나 한 도형을 두 번 세지 않았는지 검산합니다.
T22-09,2,T22,목표 다각형 빠르게 세기,5,T22-09-O5,5,d1a87919cbeafe4e7a06e6da47ccf731fde945a4459f38795985d40db33ef5a9,규칙: 방향과 크기가 달라도 변의 수가 같은 목표 다각형을 행별로 셉니다. 적용: 행별로 8개의 변을 가진 도형만 표시해 세면 총 10개입니다. 회전 방향이나 크기는 변의 수에 영향을 주지 않습니다. 검산: 회전된 도형을 빠뜨리거나 한 도형을 두 번 세지 않았는지 검산합니다.
T22-10,2,T22,목표 다각형 빠르게 세기,5,T22-10-O2,2,1ead7eafaf15721c7e062f99368effd68b12caaff688a905944489bdf6222dfd,규칙: 방향과 크기가 달라도 변의 수가 같은 목표 다각형을 행별로 셉니다. 적용: 행별로 6개의 변을 가진 도형만 표시해 세면 총 11개입니다. 회전 방향이나 크기는 변의 수에 영향을 주지 않습니다. 검산: 회전된 도형을 빠뜨리거나 한 도형을 두 번 세지 않았는지 검산합니다.
T22-11,2,T22,목표 다각형 빠르게 세기,5,T22-11-O6,6,db02339e8cbe2555d5a044af239609dbb2654f383785fb99af3222da020945fe,규칙: 방향과 크기가 달라도 변의 수가 같은 목표 다각형을 행별로 셉니다. 적용: 행별로 7개의 변을 가진 도형만 표시해 세면 총 7개입니다. 회전 방향이나 크기는 변의 수에 영향을 주지 않습니다. 검산: 회전된 도형을 빠뜨리거나 한 도형을 두 번 세지 않았는지 검산합니다.
T22-12,2,T22,목표 다각형 빠르게 세기,5,T22-12-O6,6,b53715bdf6f50a74eddf6a2b343cd2da6ce0c23d2ea272eed66870ebf291dfa9,규칙: 방향과 크기가 달라도 변의 수가 같은 목표 다각형을 행별로 셉니다. 적용: 행별로 8개의 변을 가진 도형만 표시해 세면 총 8개입니다. 회전 방향이나 크기는 변의 수에 영향을 주지 않습니다. 검산: 회전된 도형을 빠뜨리거나 한 도형을 두 번 세지 않았는지 검산합니다.
T22-13,2,T22,목표 다각형 빠르게 세기,5,T22-13-O3,3,910d9fb3b6f66215833491c4d3a03433935526d6c4513524ecc1012a6cbcad37,규칙: 방향과 크기가 달라도 변의 수가 같은 목표 다각형을 행별로 셉니다. 적용: 행별로 5개의 변을 가진 도형만 표시해 세면 총 9개입니다. 회전 방향이나 크기는 변의 수에 영향을 주지 않습니다. 검산: 회전된 도형을 빠뜨리거나 한 도형을 두 번 세지 않았는지 검산합니다.
T22-14,2,T22,목표 다각형 빠르게 세기,5,T22-14-O3,3,5bafed7692877b2bbe84b8c0f4b3274c735b0ecab4a075354418745bd4d90add,규칙: 방향과 크기가 달라도 변의 수가 같은 목표 다각형을 행별로 셉니다. 적용: 행별로 7개의 변을 가진 도형만 표시해 세면 총 10개입니다. 회전 방향이나 크기는 변의 수에 영향을 주지 않습니다. 검산: 회전된 도형을 빠뜨리거나 한 도형을 두 번 세지 않았는지 검산합니다.
T22-15,2,T22,목표 다각형 빠르게 세기,5,T22-15-O6,6,8e6d455a575a5c6f29d1eaafa2286db14018a354660db91215645bd565081979,규칙: 방향과 크기가 달라도 변의 수가 같은 목표 다각형을 행별로 셉니다. 적용: 행별로 6개의 변을 가진 도형만 표시해 세면 총 11개입니다. 회전 방향이나 크기는 변의 수에 영향을 주지 않습니다. 검산: 회전된 도형을 빠뜨리거나 한 도형을 두 번 세지 않았는지 검산합니다.
T22-16,4,T22,목표 다각형 빠르게 세기,1,T22-16-O1,1,e2c5bc2f0de4a0b7fc7487ba687efd4075a153cb6d0b4d01ade374fc59a5cb00,규칙: 방향과 크기가 달라도 변의 수가 같은 목표 다각형을 행별로 셉니다. 적용: 방향과 크기는 무시하고 변이 정확히 5개인 도형만 행별로 표시해 세면 총 5개입니다. 검산: 행별 소계를 합치면 5개입니다.
T22-17,4,T22,목표 다각형 빠르게 세기,4,T22-17-O2,2,e6d3f17d13d7bba95283454afff728851877430d9f57bad2043df11d4fb22183,규칙: 방향과 크기가 달라도 변의 수가 같은 목표 다각형을 행별로 셉니다. 적용: 방향과 크기는 무시하고 변이 정확히 6개인 도형만 행별로 표시해 세면 총 8개입니다. 검산: 행별 소계를 합치면 8개입니다.
T22-18,4,T22,목표 다각형 빠르게 세기,5,T22-18-O3,3,195d8766ed4cf30e007b707dedc92b37c5f3061a61cdf47e90218d588849380b,규칙: 방향과 크기가 달라도 변의 수가 같은 목표 다각형을 행별로 셉니다. 적용: 방향과 크기는 무시하고 변이 정확히 7개인 도형만 행별로 표시해 세면 총 11개입니다. 검산: 행별 소계를 합치면 11개입니다.
T22-19,4,T22,목표 다각형 빠르게 세기,3,T22-19-O4,4,201a0bdb33b6abcdc82c26982d0ff3488942df6ca3fabca027ad02b311d6657d,규칙: 방향과 크기가 달라도 변의 수가 같은 목표 다각형을 행별로 셉니다. 적용: 방향과 크기는 무시하고 변이 정확히 8개인 도형만 행별로 표시해 세면 총 7개입니다. 검산: 행별 소계를 합치면 7개입니다.
T22-20,4,T22,목표 다각형 빠르게 세기,4,T22-20-O5,5,b01294adbbb682e20efd4d736931a71c01cdb2481a6036dc6072152349e5c859,규칙: 방향과 크기가 달라도 변의 수가 같은 목표 다각형을 행별로 셉니다. 적용: 방향과 크기는 무시하고 변이 정확히 5개인 도형만 행별로 표시해 세면 총 10개입니다. 검산: 행별 소계를 합치면 10개입니다.
T22-21,4,T22,목표 다각형 빠르게 세기,5,T22-21-O6,6,c9d24c6a14300c1d66f0f9f2bfe1b68caab8eeb480f30e95108d93b7a3376de5,규칙: 방향과 크기가 달라도 변의 수가 같은 목표 다각형을 행별로 셉니다. 적용: 방향과 크기는 무시하고 변이 정확히 6개인 도형만 행별로 표시해 세면 총 6개입니다. 검산: 행별 소계를 합치면 6개입니다.
T22-22,4,T22,목표 다각형 빠르게 세기,1,T22-22-O7,7,7a9d707161cb71bc8bc14e448ffa1f4926acbae7677eb7409db722ba94061f27,규칙: 방향과 크기가 달라도 변의 수가 같은 목표 다각형을 행별로 셉니다. 적용: 방향과 크기는 무시하고 변이 정확히 7개인 도형만 행별로 표시해 세면 총 9개입니다. 검산: 행별 소계를 합치면 9개입니다.
T22-23,4,T22,목표 다각형 빠르게 세기,4,T22-23-O8,8,e08ff7685e448040f08d42ab37d1de539e7def2da8ff9ebcb7cfb2bfcb6ec46f,규칙: 방향과 크기가 달라도 변의 수가 같은 목표 다각형을 행별로 셉니다. 적용: 방향과 크기는 무시하고 변이 정확히 8개인 도형만 행별로 표시해 세면 총 5개입니다. 검산: 행별 소계를 합치면 5개입니다.
T22-24,4,T22,목표 다각형 빠르게 세기,5,T22-24-O1,1,afc0594579c5f6673b9ed7ca992f999ff3fa1f22f23f95298d80470cacee3458,규칙: 방향과 크기가 달라도 변의 수가 같은 목표 다각형을 행별로 셉니다. 적용: 방향과 크기는 무시하고 변이 정확히 5개인 도형만 행별로 표시해 세면 총 8개입니다. 검산: 행별 소계를 합치면 8개입니다.
T22-25,4,T22,목표 다각형 빠르게 세기,3,T22-25-O2,2,2c2e8e8de90005be637783f336a7c92e6b02452432b4e12e1f408609933de022,규칙: 방향과 크기가 달라도 변의 수가 같은 목표 다각형을 행별로 셉니다. 적용: 방향과 크기는 무시하고 변이 정확히 6개인 도형만 행별로 표시해 세면 총 11개입니다. 검산: 행별 소계를 합치면 11개입니다.
T22-26,4,T22,목표 다각형 빠르게 세기,4,T22-26-O3,3,87fab924fdbd03f041f75b46711abae09932a3f9bc3098e3fa6ab9c8d3ca8235,규칙: 방향과 크기가 달라도 변의 수가 같은 목표 다각형을 행별로 셉니다. 적용: 방향과 크기는 무시하고 변이 정확히 7개인 도형만 행별로 표시해 세면 총 7개입니다. 검산: 행별 소계를 합치면 7개입니다.
T22-27,4,T22,목표 다각형 빠르게 세기,5,T22-27-O4,4,c39b91bf9cc87a99a82e4d6392a491570f2a8420dce89cf5eda6bf16d420d5f2,규칙: 방향과 크기가 달라도 변의 수가 같은 목표 다각형을 행별로 셉니다. 적용: 방향과 크기는 무시하고 변이 정확히 8개인 도형만 행별로 표시해 세면 총 10개입니다. 검산: 행별 소계를 합치면 10개입니다.
T23-01,3,T23,스트룹: 실제 글자색 읽기,3,T23-01-O1,1,481a0907432686285eb38a51e7390d94fbfc64537df9bc1e0d857848f0d43850,규칙: 단어의 뜻을 억제하고 글자 표면에 실제로 칠해진 색만 순서대로 읽습니다. 적용: 각 단어의 의미를 읽지 말고 글자 표면의 잉크색만 차례로 기록합니다. 실제 색 순서는 파랑 → 보라 → 검정 → 빨강 → 초록입니다. 검산: 뜻의 색이 섞이지 않았고 보기 순서가 같은지 검산합니다.
T23-02,3,T23,스트룹: 실제 글자색 읽기,3,T23-02-O6,6,ff15e697451dde84a700de5ac993a284a7fb2878b95471a2b4fae6c9fdc9f811,규칙: 단어의 뜻을 억제하고 글자 표면에 실제로 칠해진 색만 순서대로 읽습니다. 적용: 각 단어의 의미를 읽지 말고 글자 표면의 잉크색만 차례로 기록합니다. 실제 색 순서는 초록 → 검정 → 주황 → 파랑 → 빨강입니다. 검산: 뜻의 색이 섞이지 않았고 보기 순서가 같은지 검산합니다.
T23-03,3,T23,스트룹: 실제 글자색 읽기,4,T23-03-O7,7,28aef506a4449bd91c67b921fee9241eebfe012a884f5e23eab2089beb6a71d7,규칙: 단어의 뜻을 억제하고 글자 표면에 실제로 칠해진 색만 순서대로 읽습니다. 적용: 각 단어의 의미를 읽지 말고 글자 표면의 잉크색만 차례로 기록합니다. 실제 색 순서는 노랑 → 초록 → 빨강 → 보라 → 검정입니다. 검산: 뜻의 색이 섞이지 않았고 보기 순서가 같은지 검산합니다.
T23-04,3,T23,스트룹: 실제 글자색 읽기,4,T23-04-O5,5,53a29110694ee9aae4a11123ab318c623d4406ee1772d56ef4db8baf12d842c7,규칙: 단어의 뜻을 억제하고 글자 표면에 실제로 칠해진 색만 순서대로 읽습니다. 적용: 각 단어의 의미를 읽지 말고 글자 표면의 잉크색만 차례로 기록합니다. 실제 색 순서는 보라 → 빨강 → 초록 → 주황 → 파랑입니다. 검산: 뜻의 색이 섞이지 않았고 보기 순서가 같은지 검산합니다.
T23-05,3,T23,스트룹: 실제 글자색 읽기,4,T23-05-O3,3,e326d753ec17b6ca6f8405c5e09ae295db9c856be47cf8aece4c19d68abf3181,규칙: 단어의 뜻을 억제하고 글자 표면에 실제로 칠해진 색만 순서대로 읽습니다. 적용: 각 단어의 의미를 읽지 말고 글자 표면의 잉크색만 차례로 기록합니다. 실제 색 순서는 초록 → 노랑 → 보라 → 검정 → 빨강입니다. 검산: 뜻의 색이 섞이지 않았고 보기 순서가 같은지 검산합니다.
T23-06,2,T23,스트룹: 실제 글자색 읽기,4,T23-06-O2,2,a1f8a3f2bafbd79ee795878ffa4f7e0b5243daecda942c090559c3264847c037,규칙: 단어의 뜻을 억제하고 글자 표면에 실제로 칠해진 색만 순서대로 읽습니다. 적용: 각 단어의 의미는 무시하고 잉크 색만 읽으면 빨강 - 검정 - 노랑 - 보라 - 초록 - 주황입니다. 선택 후 보기의 각 단어를 다시 대조해야 합니다. 검산: 뜻의 색이 섞이지 않았고 보기 순서가 같은지 검산합니다.
T23-07,2,T23,스트룹: 실제 글자색 읽기,4,T23-07-O5,5,5bd662a4c7cc03bdbc93a45683738cbdd7f1bce14352a21e0a76ca48177d38cc,규칙: 단어의 뜻을 억제하고 글자 표면에 실제로 칠해진 색만 순서대로 읽습니다. 적용: 각 단어의 의미는 무시하고 잉크 색만 읽으면 파랑 - 빨강 - 주황 - 검정 - 노랑 - 초록입니다. 선택 후 보기의 각 단어를 다시 대조해야 합니다. 검산: 뜻의 색이 섞이지 않았고 보기 순서가 같은지 검산합니다.
T23-08,2,T23,스트룹: 실제 글자색 읽기,4,T23-08-O4,4,5b9d22474b3da181c3c4a801f65aae1e4207dddf39cd16a2208b88473c1b3de7,규칙: 단어의 뜻을 억제하고 글자 표면에 실제로 칠해진 색만 순서대로 읽습니다. 적용: 각 단어의 의미는 무시하고 잉크 색만 읽으면 노랑 - 검정 - 초록 - 파랑 - 보라 - 주황입니다. 선택 후 보기의 각 단어를 다시 대조해야 합니다. 검산: 뜻의 색이 섞이지 않았고 보기 순서가 같은지 검산합니다.
T23-09,2,T23,스트룹: 실제 글자색 읽기,4,T23-09-O5,5,7231daf34f979aefdf0653fd43bedce54203fe6082260cbeeab65e1457e3990a,규칙: 단어의 뜻을 억제하고 글자 표면에 실제로 칠해진 색만 순서대로 읽습니다. 적용: 각 단어의 의미는 무시하고 잉크 색만 읽으면 노랑 - 주황 - 파랑 - 초록 - 보라 - 빨강입니다. 선택 후 보기의 각 단어를 다시 대조해야 합니다. 검산: 뜻의 색이 섞이지 않았고 보기 순서가 같은지 검산합니다.
T23-10,2,T23,스트룹: 실제 글자색 읽기,4,T23-10-O1,1,9afab6a967d4785505e3c11eb0c798801145fe0d645487f6b86efa435e53ba00,규칙: 단어의 뜻을 억제하고 글자 표면에 실제로 칠해진 색만 순서대로 읽습니다. 적용: 각 단어의 의미는 무시하고 잉크 색만 읽으면 빨강 - 파랑 - 보라 - 노랑 - 주황 - 검정입니다. 선택 후 보기의 각 단어를 다시 대조해야 합니다. 검산: 뜻의 색이 섞이지 않았고 보기 순서가 같은지 검산합니다.
T23-11,2,T23,스트룹: 실제 글자색 읽기,4,T23-11-O2,2,0e615693f1b75032ff03be9ca4c3a5c538a6054029454f71a6501412f1fb015b,규칙: 단어의 뜻을 억제하고 글자 표면에 실제로 칠해진 색만 순서대로 읽습니다. 적용: 각 단어의 의미는 무시하고 잉크 색만 읽으면 노랑 - 보라 - 빨강 - 검정 - 파랑 - 초록 - 주황입니다. 선택 후 보기의 각 단어를 다시 대조해야 합니다. 검산: 뜻의 색이 섞이지 않았고 보기 순서가 같은지 검산합니다.
T23-12,2,T23,스트룹: 실제 글자색 읽기,4,T23-12-O2,2,b90a62798381c05d59e4f3e1b4574ec9be36489e80a4cc2c8efe1b19db2cfa92,규칙: 단어의 뜻을 억제하고 글자 표면에 실제로 칠해진 색만 순서대로 읽습니다. 적용: 각 단어의 의미는 무시하고 잉크 색만 읽으면 초록 - 보라 - 빨강 - 노랑 - 검정 - 파랑 - 주황입니다. 선택 후 보기의 각 단어를 다시 대조해야 합니다. 검산: 뜻의 색이 섞이지 않았고 보기 순서가 같은지 검산합니다.
T23-13,2,T23,스트룹: 실제 글자색 읽기,5,T23-13-O1,1,815affd077a8cb0e6b63b5c161af806bee9da544a73934e6e9302de3b476c7a0,규칙: 단어의 뜻을 억제하고 글자 표면에 실제로 칠해진 색만 순서대로 읽습니다. 적용: 각 단어의 의미는 무시하고 잉크 색만 읽으면 파랑 - 보라 - 노랑 - 빨강 - 검정 - 주황 - 초록입니다. 선택 후 보기의 각 단어를 다시 대조해야 합니다. 검산: 뜻의 색이 섞이지 않았고 보기 순서가 같은지 검산합니다.
T23-14,2,T23,스트룹: 실제 글자색 읽기,5,T23-14-O1,1,4a51d32f734880d193102dadf5a812c1da2235608b1fd37738c4d07f987ddffe,규칙: 단어의 뜻을 억제하고 글자 표면에 실제로 칠해진 색만 순서대로 읽습니다. 적용: 각 단어의 의미는 무시하고 잉크 색만 읽으면 초록 - 파랑 - 빨강 - 노랑 - 주황 - 보라 - 검정입니다. 선택 후 보기의 각 단어를 다시 대조해야 합니다. 검산: 뜻의 색이 섞이지 않았고 보기 순서가 같은지 검산합니다.
T23-15,2,T23,스트룹: 실제 글자색 읽기,5,T23-15-O5,5,a24096259874fd63bb2524333b7a0c380bc8865e14163f4244da39ee65858405,규칙: 단어의 뜻을 억제하고 글자 표면에 실제로 칠해진 색만 순서대로 읽습니다. 적용: 각 단어의 의미는 무시하고 잉크 색만 읽으면 초록 - 주황 - 노랑 - 검정 - 빨강 - 보라 - 파랑입니다. 선택 후 보기의 각 단어를 다시 대조해야 합니다. 검산: 뜻의 색이 섞이지 않았고 보기 순서가 같은지 검산합니다.
T23-16,4,T23,스트룹: 실제 글자색 읽기,1,T23-16-O1,1,fb59dfa9e3dc8cac1f1119d276ba8a4702cd27eba4ab8539a57f64a8ea23ec14,규칙: 단어의 뜻을 억제하고 글자 표면에 실제로 칠해진 색만 순서대로 읽습니다. 적용: 각 단어의 뜻은 무시하고 표면의 잉크색만 읽습니다. 실제 색 순서는 파랑 → 보라 → 주황 → 파랑 → 파랑입니다. 검산: 기록한 순서와 보기를 끝까지 비교합니다.
T23-17,4,T23,스트룹: 실제 글자색 읽기,4,T23-17-O2,2,82ac12385319c137343b07ff6ecfb662a65cdad2710fbe00a8566b791870afeb,규칙: 단어의 뜻을 억제하고 글자 표면에 실제로 칠해진 색만 순서대로 읽습니다. 적용: 각 단어의 뜻은 무시하고 표면의 잉크색만 읽습니다. 실제 색 순서는 주황 → 빨강 → 파랑 → 초록 → 파랑입니다. 검산: 기록한 순서와 보기를 끝까지 비교합니다.
T23-18,4,T23,스트룹: 실제 글자색 읽기,5,T23-18-O3,3,ee041af7fefc9b5b99beb020818a446b9bc179b289ac9a9fbbc89b9ba671e7f2,규칙: 단어의 뜻을 억제하고 글자 표면에 실제로 칠해진 색만 순서대로 읽습니다. 적용: 각 단어의 뜻은 무시하고 표면의 잉크색만 읽습니다. 실제 색 순서는 보라 → 검정 → 보라 → 검정 → 주황입니다. 검산: 기록한 순서와 보기를 끝까지 비교합니다.
T23-19,4,T23,스트룹: 실제 글자색 읽기,3,T23-19-O4,4,50ed8cac03e905d0adb208269e2bdc88a5e6d35c429624fd3c26bc86531822af,규칙: 단어의 뜻을 억제하고 글자 표면에 실제로 칠해진 색만 순서대로 읽습니다. 적용: 각 단어의 뜻은 무시하고 표면의 잉크색만 읽습니다. 실제 색 순서는 초록 → 검정 → 초록 → 보라 → 초록 → 검정입니다. 검산: 기록한 순서와 보기를 끝까지 비교합니다.
T23-20,4,T23,스트룹: 실제 글자색 읽기,4,T23-20-O5,5,a14b871d960c75c43403b1a1d87384745cccbdd18dc71347992c40acbabd96df,규칙: 단어의 뜻을 억제하고 글자 표면에 실제로 칠해진 색만 순서대로 읽습니다. 적용: 각 단어의 뜻은 무시하고 표면의 잉크색만 읽습니다. 실제 색 순서는 주황 → 빨강 → 파랑 → 검정 → 보라 → 보라입니다. 검산: 기록한 순서와 보기를 끝까지 비교합니다.
T23-21,4,T23,스트룹: 실제 글자색 읽기,5,T23-21-O6,6,dcc8f169618cf20f10e7acab99876a855eb89cef877eee1850c427647e7b04c1,규칙: 단어의 뜻을 억제하고 글자 표면에 실제로 칠해진 색만 순서대로 읽습니다. 적용: 각 단어의 뜻은 무시하고 표면의 잉크색만 읽습니다. 실제 색 순서는 보라 → 검정 → 주황 → 검정 → 빨강 → 초록 → 빨강입니다. 검산: 기록한 순서와 보기를 끝까지 비교합니다.
T23-22,4,T23,스트룹: 실제 글자색 읽기,1,T23-22-O1,1,57b3fa442bc0fb0e31e4064bc93d0c184ce4ce2360b01c9b4c03ff55f79cb404,규칙: 단어의 뜻을 억제하고 글자 표면에 실제로 칠해진 색만 순서대로 읽습니다. 적용: 각 단어의 뜻은 무시하고 표면의 잉크색만 읽습니다. 실제 색 순서는 보라 → 파랑 → 주황 → 주황 → 빨강입니다. 검산: 기록한 순서와 보기를 끝까지 비교합니다.
T23-23,4,T23,스트룹: 실제 글자색 읽기,4,T23-23-O2,2,5bf48f8d5ce937f2b3d4bd36d4522f23a44f004102cd61c4fbc8c4cafaf07e20,규칙: 단어의 뜻을 억제하고 글자 표면에 실제로 칠해진 색만 순서대로 읽습니다. 적용: 각 단어의 뜻은 무시하고 표면의 잉크색만 읽습니다. 실제 색 순서는 검정 → 보라 → 초록 → 보라 → 파랑입니다. 검산: 기록한 순서와 보기를 끝까지 비교합니다.
T23-24,4,T23,스트룹: 실제 글자색 읽기,5,T23-24-O3,3,13c60344df94178a2b88f2ff19a0bc10e17d0706be4d4597964ab245ac70606f,규칙: 단어의 뜻을 억제하고 글자 표면에 실제로 칠해진 색만 순서대로 읽습니다. 적용: 각 단어의 뜻은 무시하고 표면의 잉크색만 읽습니다. 실제 색 순서는 검정 → 주황 → 초록 → 주황 → 빨강입니다. 검산: 기록한 순서와 보기를 끝까지 비교합니다.
T23-25,4,T23,스트룹: 실제 글자색 읽기,3,T23-25-O4,4,b2d9af9f97568eff49f14b110fc00b84e4e16ef906023b254ff5654f76ded812,규칙: 단어의 뜻을 억제하고 글자 표면에 실제로 칠해진 색만 순서대로 읽습니다. 적용: 각 단어의 뜻은 무시하고 표면의 잉크색만 읽습니다. 실제 색 순서는 초록 → 파랑 → 파랑 → 검정 → 주황 → 검정입니다. 검산: 기록한 순서와 보기를 끝까지 비교합니다.
T23-26,4,T23,스트룹: 실제 글자색 읽기,4,T23-26-O5,5,bf1af564398999d4384876713d512f0efecf96c66aea863d46878b8f98056f11,규칙: 단어의 뜻을 억제하고 글자 표면에 실제로 칠해진 색만 순서대로 읽습니다. 적용: 각 단어의 뜻은 무시하고 표면의 잉크색만 읽습니다. 실제 색 순서는 파랑 → 초록 → 빨강 → 빨강 → 빨강 → 빨강입니다. 검산: 기록한 순서와 보기를 끝까지 비교합니다.
T23-27,4,T23,스트룹: 실제 글자색 읽기,5,T23-27-O6,6,70e3d9539294c8e85089cda5ae6e25f5d571a6f6ca011e2bc51330864dde458f,규칙: 단어의 뜻을 억제하고 글자 표면에 실제로 칠해진 색만 순서대로 읽습니다. 적용: 각 단어의 뜻은 무시하고 표면의 잉크색만 읽습니다. 실제 색 순서는 보라 → 빨강 → 보라 → 검정 → 주황 → 파랑 → 검정입니다. 검산: 기록한 순서와 보기를 끝까지 비교합니다.
T24-01,3,T24,정육면체 전개도 판별,3,T24-01-O6,6,605860758e4538786a58ec55bd42bef77fcaf4504239020e11a0b6da830004c6,"규칙: 기준 면을 중심으로 이웃 면을 접어 같은 공간을 차지하는 면이 생기는지 확인합니다. 적용: 정답 전개도는 접는 과정에서 두 칸이 동일한 면으로 겹치고, 반대편 한 면은 비게 됩니다. 나머지 다섯 전개도는 여섯 칸이 서로 다른 여섯 면을 차지합니다. 검산: 접었을 때 두 면이 겹치거나 한 면이 비지 않는지 검산합니다."
T24-02,3,T24,정육면체 전개도 판별,3,T24-02-O4,4,3f5be5ddbe4a77eb17ea7b2fb6b3b6c291ce3740e28e640f196136c456e9c5c3,"규칙: 기준 면을 중심으로 이웃 면을 접어 같은 공간을 차지하는 면이 생기는지 확인합니다. 적용: 정답 전개도는 접는 과정에서 두 칸이 동일한 면으로 겹치고, 반대편 한 면은 비게 됩니다. 나머지 다섯 전개도는 여섯 칸이 서로 다른 여섯 면을 차지합니다. 검산: 접었을 때 두 면이 겹치거나 한 면이 비지 않는지 검산합니다."
T24-03,3,T24,정육면체 전개도 판별,4,T24-03-O2,2,101535df21cad1d2bff80864b6069adc02ddf750a65e647e8f1a105de0ff3862,"규칙: 기준 면을 중심으로 이웃 면을 접어 같은 공간을 차지하는 면이 생기는지 확인합니다. 적용: 정답 전개도는 접는 과정에서 두 칸이 동일한 면으로 겹치고, 반대편 한 면은 비게 됩니다. 나머지 다섯 전개도는 여섯 칸이 서로 다른 여섯 면을 차지합니다. 검산: 접었을 때 두 면이 겹치거나 한 면이 비지 않는지 검산합니다."
T24-04,3,T24,정육면체 전개도 판별,5,T24-04-O3,3,eb75fac5903e4a60abb82f9ec30ca91af5940458101a4bd418afadef1dcd6a1f,"규칙: 기준 면을 중심으로 이웃 면을 접어 같은 공간을 차지하는 면이 생기는지 확인합니다. 적용: 정답 전개도는 접는 과정에서 두 칸이 동일한 면으로 겹치고, 반대편 한 면은 비게 됩니다. 나머지 다섯 전개도는 여섯 칸이 서로 다른 여섯 면을 차지합니다. 검산: 접었을 때 두 면이 겹치거나 한 면이 비지 않는지 검산합니다."
T24-05,3,T24,정육면체 전개도 판별,5,T24-05-O4,4,57057e60b31ae82f887da9d4fc5e81321cabc43516b940d68d7ae5f2a3b8f472,"규칙: 기준 면을 중심으로 이웃 면을 접어 같은 공간을 차지하는 면이 생기는지 확인합니다. 적용: 정답 전개도는 접는 과정에서 두 칸이 동일한 면으로 겹치고, 반대편 한 면은 비게 됩니다. 나머지 다섯 전개도는 여섯 칸이 서로 다른 여섯 면을 차지합니다. 검산: 접었을 때 두 면이 겹치거나 한 면이 비지 않는지 검산합니다."
T24-06,2,T24,정육면체 전개도 판별,4,T24-06-O5,5,c5a57a7d89cfa7db9a7773c4650d3e098fee5b58c40a407dc60c7528ae41c58f,"규칙: 기준 면을 중심으로 이웃 면을 접어 같은 공간을 차지하는 면이 생기는지 확인합니다. 적용: 한 면에서 시작해 인접한 면을 차례로 90° 접어 보았을 때, 유효한 전개도는 여섯 칸이 정육면체의 서로 다른 여섯 방향을 차지합니다. 무효한 것은 둘 이상의 칸이 같은 면으로 겹칩니다. 검산: 접었을 때 두 면이 겹치거나 한 면이 비지 않는지 검산합니다."
T24-07,2,T24,정육면체 전개도 판별,4,T24-07-O6,6,af5de033373dc8d551bfd214165fe8e09c2f73c5564e9fd0cbf96813f183c359,"규칙: 기준 면을 중심으로 이웃 면을 접어 같은 공간을 차지하는 면이 생기는지 확인합니다. 적용: 한 면에서 시작해 인접한 면을 차례로 90° 접어 보았을 때, 유효한 전개도는 여섯 칸이 정육면체의 서로 다른 여섯 방향을 차지합니다. 무효한 것은 둘 이상의 칸이 같은 면으로 겹칩니다. 검산: 접었을 때 두 면이 겹치거나 한 면이 비지 않는지 검산합니다."
T24-08,2,T24,정육면체 전개도 판별,4,T24-08-O3,3,7ac86cd1ab09845dd349b0f6c3f3752b1537e050312fa2ffb3ba0c8ef5f5882f,"규칙: 기준 면을 중심으로 이웃 면을 접어 같은 공간을 차지하는 면이 생기는지 확인합니다. 적용: 한 면에서 시작해 인접한 면을 차례로 90° 접어 보았을 때, 유효한 전개도는 여섯 칸이 정육면체의 서로 다른 여섯 방향을 차지합니다. 무효한 것은 둘 이상의 칸이 같은 면으로 겹칩니다. 검산: 접었을 때 두 면이 겹치거나 한 면이 비지 않는지 검산합니다."
T24-09,2,T24,정육면체 전개도 판별,5,T24-09-O4,4,5114ca96b54d724d079e16f6d0d316f225c65c914d0f4173e678b276dcd87781,"규칙: 기준 면을 중심으로 이웃 면을 접어 같은 공간을 차지하는 면이 생기는지 확인합니다. 적용: 한 면에서 시작해 인접한 면을 차례로 90° 접어 보았을 때, 유효한 전개도는 여섯 칸이 정육면체의 서로 다른 여섯 방향을 차지합니다. 무효한 것은 둘 이상의 칸이 같은 면으로 겹칩니다. 검산: 접었을 때 두 면이 겹치거나 한 면이 비지 않는지 검산합니다."
T24-10,2,T24,정육면체 전개도 판별,5,T24-10-O3,3,5df101e3d3c636fc0ebf19b21df004a33dbcb9c2b8ed745c156742ed5a6c21a9,"규칙: 기준 면을 중심으로 이웃 면을 접어 같은 공간을 차지하는 면이 생기는지 확인합니다. 적용: 한 면에서 시작해 인접한 면을 차례로 90° 접어 보았을 때, 유효한 전개도는 여섯 칸이 정육면체의 서로 다른 여섯 방향을 차지합니다. 무효한 것은 둘 이상의 칸이 같은 면으로 겹칩니다. 검산: 접었을 때 두 면이 겹치거나 한 면이 비지 않는지 검산합니다."
T24-11,2,T24,정육면체 전개도 판별,5,T24-11-O6,6,0d431289f7cbce81d26560bfd4b72bb209f58a1c42871c1bbb94f6b17495974f,"규칙: 기준 면을 중심으로 이웃 면을 접어 같은 공간을 차지하는 면이 생기는지 확인합니다. 적용: 한 면에서 시작해 인접한 면을 차례로 90° 접어 보았을 때, 유효한 전개도는 여섯 칸이 정육면체의 서로 다른 여섯 방향을 차지합니다. 무효한 것은 둘 이상의 칸이 같은 면으로 겹칩니다. 검산: 접었을 때 두 면이 겹치거나 한 면이 비지 않는지 검산합니다."
T24-12,2,T24,정육면체 전개도 판별,5,T24-12-O2,2,715977c86f8426c0a9ea03d1aa622dc38cfc333b8112419f125ab09a8d8686f9,"규칙: 기준 면을 중심으로 이웃 면을 접어 같은 공간을 차지하는 면이 생기는지 확인합니다. 적용: 한 면에서 시작해 인접한 면을 차례로 90° 접어 보았을 때, 유효한 전개도는 여섯 칸이 정육면체의 서로 다른 여섯 방향을 차지합니다. 무효한 것은 둘 이상의 칸이 같은 면으로 겹칩니다. 검산: 접었을 때 두 면이 겹치거나 한 면이 비지 않는지 검산합니다."
T24-13,2,T24,정육면체 전개도 판별,5,T24-13-O4,4,ca3b8f294e086b8c46457e29e1593bc4c379aba6dd91bff4af8936774d43809d,"규칙: 기준 면을 중심으로 이웃 면을 접어 같은 공간을 차지하는 면이 생기는지 확인합니다. 적용: 한 면에서 시작해 인접한 면을 차례로 90° 접어 보았을 때, 유효한 전개도는 여섯 칸이 정육면체의 서로 다른 여섯 방향을 차지합니다. 무효한 것은 둘 이상의 칸이 같은 면으로 겹칩니다. 검산: 접었을 때 두 면이 겹치거나 한 면이 비지 않는지 검산합니다."
T24-14,2,T24,정육면체 전개도 판별,5,T24-14-O3,3,2ed3cf2cf2d48dfbbfa6f089ca91b0091278c7ff815a5ffa2116adc40b1b551e,"규칙: 기준 면을 중심으로 이웃 면을 접어 같은 공간을 차지하는 면이 생기는지 확인합니다. 적용: 한 면에서 시작해 인접한 면을 차례로 90° 접어 보았을 때, 유효한 전개도는 여섯 칸이 정육면체의 서로 다른 여섯 방향을 차지합니다. 무효한 것은 둘 이상의 칸이 같은 면으로 겹칩니다. 검산: 접었을 때 두 면이 겹치거나 한 면이 비지 않는지 검산합니다."
T24-15,2,T24,정육면체 전개도 판별,5,T24-15-O6,6,6822a1e88459a4b33637765c65fedfdaea668c88093027aeab80c073a1b7c4da,"규칙: 기준 면을 중심으로 이웃 면을 접어 같은 공간을 차지하는 면이 생기는지 확인합니다. 적용: 한 면에서 시작해 인접한 면을 차례로 90° 접어 보았을 때, 유효한 전개도는 여섯 칸이 정육면체의 서로 다른 여섯 방향을 차지합니다. 무효한 것은 둘 이상의 칸이 같은 면으로 겹칩니다. 검산: 접었을 때 두 면이 겹치거나 한 면이 비지 않는지 검산합니다."
T24-16,4,T24,정육면체 전개도 판별,3,T24-16-O1,1,2791421a4df963f162c6459ffc09517a4fc903e13371038d17d4eeaa37ba1012,규칙: 기준 면을 중심으로 이웃 면을 접어 같은 공간을 차지하는 면이 생기는지 확인합니다. 적용: 정답 전개도는 접는 과정에서 두 칸이 같은 면 방향으로 겹치거나 여섯 방향 중 하나가 비게 됩니다. 인접한 면을 하나씩 접어 각 면의 법선 방향을 추적하면 판별할 수 있습니다. 검산: 여섯 칸이 ±앞뒤·±좌우·±상하의 여섯 방향을 한 번씩 차지하는지 확인합니다.
T24-17,4,T24,정육면체 전개도 판별,4,T24-17-O2,2,726deb8f5b88366e6e9ea4f5b2fa6af8e67dd38ab8a398f0dfd067272a44d3fe,규칙: 기준 면을 중심으로 이웃 면을 접어 같은 공간을 차지하는 면이 생기는지 확인합니다. 적용: 정답 전개도는 접었을 때 여섯 칸이 서로 다른 여섯 면 방향을 정확히 한 번씩 차지합니다. 인접한 면을 하나씩 접어 각 면의 법선 방향을 추적하면 판별할 수 있습니다. 검산: 여섯 칸이 ±앞뒤·±좌우·±상하의 여섯 방향을 한 번씩 차지하는지 확인합니다.
T24-18,4,T24,정육면체 전개도 판별,5,T24-18-O3,3,f111758049e63446ff432af4acf2755d1224b9c212b1ced9d8342a8a067c814b,규칙: 기준 면을 중심으로 이웃 면을 접어 같은 공간을 차지하는 면이 생기는지 확인합니다. 적용: 정답 전개도는 접는 과정에서 두 칸이 같은 면 방향으로 겹치거나 여섯 방향 중 하나가 비게 됩니다. 인접한 면을 하나씩 접어 각 면의 법선 방향을 추적하면 판별할 수 있습니다. 검산: 여섯 칸이 ±앞뒤·±좌우·±상하의 여섯 방향을 한 번씩 차지하는지 확인합니다.
T24-19,4,T24,정육면체 전개도 판별,4,T24-19-O4,4,3d41dedf7c6b658ba06b8e74054063b65824958aa9039eb54bd801712f7d173e,규칙: 기준 면을 중심으로 이웃 면을 접어 같은 공간을 차지하는 면이 생기는지 확인합니다. 적용: 정답 전개도는 접었을 때 여섯 칸이 서로 다른 여섯 면 방향을 정확히 한 번씩 차지합니다. 인접한 면을 하나씩 접어 각 면의 법선 방향을 추적하면 판별할 수 있습니다. 검산: 여섯 칸이 ±앞뒤·±좌우·±상하의 여섯 방향을 한 번씩 차지하는지 확인합니다.
T24-20,4,T24,정육면체 전개도 판별,4,T24-20-O5,5,4b0710d85adb3624ab6bc915659f64ae5fce23190906245196362196361dfc3c,규칙: 기준 면을 중심으로 이웃 면을 접어 같은 공간을 차지하는 면이 생기는지 확인합니다. 적용: 정답 전개도는 접는 과정에서 두 칸이 같은 면 방향으로 겹치거나 여섯 방향 중 하나가 비게 됩니다. 인접한 면을 하나씩 접어 각 면의 법선 방향을 추적하면 판별할 수 있습니다. 검산: 여섯 칸이 ±앞뒤·±좌우·±상하의 여섯 방향을 한 번씩 차지하는지 확인합니다.
T24-21,4,T24,정육면체 전개도 판별,5,T24-21-O6,6,8676548a8a1e362bba11d955a83772c0706184c5d9e0e3f9e8aa52a8f23afcfa,규칙: 기준 면을 중심으로 이웃 면을 접어 같은 공간을 차지하는 면이 생기는지 확인합니다. 적용: 정답 전개도는 접었을 때 여섯 칸이 서로 다른 여섯 면 방향을 정확히 한 번씩 차지합니다. 인접한 면을 하나씩 접어 각 면의 법선 방향을 추적하면 판별할 수 있습니다. 검산: 여섯 칸이 ±앞뒤·±좌우·±상하의 여섯 방향을 한 번씩 차지하는지 확인합니다.
T24-22,4,T24,정육면체 전개도 판별,3,T24-22-O1,1,710e087e7eb5f05af0956b6c323111c050a19c3b17c4721c7f30e412252ddada,규칙: 기준 면을 중심으로 이웃 면을 접어 같은 공간을 차지하는 면이 생기는지 확인합니다. 적용: 정답 전개도는 접는 과정에서 두 칸이 같은 면 방향으로 겹치거나 여섯 방향 중 하나가 비게 됩니다. 인접한 면을 하나씩 접어 각 면의 법선 방향을 추적하면 판별할 수 있습니다. 검산: 여섯 칸이 ±앞뒤·±좌우·±상하의 여섯 방향을 한 번씩 차지하는지 확인합니다.
T24-23,4,T24,정육면체 전개도 판별,4,T24-23-O2,2,4a778463375b9922c8477c841900d13ab13638bf2a4a63870bec507862c0af3d,규칙: 기준 면을 중심으로 이웃 면을 접어 같은 공간을 차지하는 면이 생기는지 확인합니다. 적용: 정답 전개도는 접었을 때 여섯 칸이 서로 다른 여섯 면 방향을 정확히 한 번씩 차지합니다. 인접한 면을 하나씩 접어 각 면의 법선 방향을 추적하면 판별할 수 있습니다. 검산: 여섯 칸이 ±앞뒤·±좌우·±상하의 여섯 방향을 한 번씩 차지하는지 확인합니다.
T24-24,4,T24,정육면체 전개도 판별,5,T24-24-O3,3,27f5812e39bc47316e07cde11318d2b90b2efca215ddf1a4360e42da60b9b5f1,규칙: 기준 면을 중심으로 이웃 면을 접어 같은 공간을 차지하는 면이 생기는지 확인합니다. 적용: 정답 전개도는 접는 과정에서 두 칸이 같은 면 방향으로 겹치거나 여섯 방향 중 하나가 비게 됩니다. 인접한 면을 하나씩 접어 각 면의 법선 방향을 추적하면 판별할 수 있습니다. 검산: 여섯 칸이 ±앞뒤·±좌우·±상하의 여섯 방향을 한 번씩 차지하는지 확인합니다.
T24-25,4,T24,정육면체 전개도 판별,4,T24-25-O4,4,ba2b1cd84c6408558125910ecf284bd2e1997cdd634070893ebfe2ff03671d5d,규칙: 기준 면을 중심으로 이웃 면을 접어 같은 공간을 차지하는 면이 생기는지 확인합니다. 적용: 정답 전개도는 접었을 때 여섯 칸이 서로 다른 여섯 면 방향을 정확히 한 번씩 차지합니다. 인접한 면을 하나씩 접어 각 면의 법선 방향을 추적하면 판별할 수 있습니다. 검산: 여섯 칸이 ±앞뒤·±좌우·±상하의 여섯 방향을 한 번씩 차지하는지 확인합니다.
T24-26,4,T24,정육면체 전개도 판별,4,T24-26-O5,5,ba5f773f6ced928fe7ca392921c7f808aa37e554407e85896b20d6c7819e8ba3,규칙: 기준 면을 중심으로 이웃 면을 접어 같은 공간을 차지하는 면이 생기는지 확인합니다. 적용: 정답 전개도는 접는 과정에서 두 칸이 같은 면 방향으로 겹치거나 여섯 방향 중 하나가 비게 됩니다. 인접한 면을 하나씩 접어 각 면의 법선 방향을 추적하면 판별할 수 있습니다. 검산: 여섯 칸이 ±앞뒤·±좌우·±상하의 여섯 방향을 한 번씩 차지하는지 확인합니다.
T24-27,4,T24,정육면체 전개도 판별,5,T24-27-O6,6,c7035042449d105ef1412673356d9306d3e92332e88ca52cb4d56aadd129aecd,규칙: 기준 면을 중심으로 이웃 면을 접어 같은 공간을 차지하는 면이 생기는지 확인합니다. 적용: 정답 전개도는 접었을 때 여섯 칸이 서로 다른 여섯 면 방향을 정확히 한 번씩 차지합니다. 인접한 면을 하나씩 접어 각 면의 법선 방향을 추적하면 판별할 수 있습니다. 검산: 여섯 칸이 ±앞뒤·±좌우·±상하의 여섯 방향을 한 번씩 차지하는지 확인합니다.
T25-01,3,T25,부채꼴 삼각형 전체 세기,3,T25-01-O6,6,6f0d41370dc3160bbc82a0420fc43bdefafe2035dff18ef0f8313afabd8f0ae7,"규칙: 꼭짓점과 밑변의 두 점을 고르는 모든 조합이 하나의 삼각형을 만듭니다. 적용: 모든 삼각형은 위 꼭짓점과 밑변 위의 서로 다른 두 점으로 결정됩니다. 밑변의 점 4개 중 2개를 고르므로 C(4,2)=6입니다. 검산: 연속하지 않은 밑변 점으로 만든 큰 삼각형과 중복을 검산합니다."
T25-02,3,T25,부채꼴 삼각형 전체 세기,3,T25-02-O5,5,19dfe2ad62ab0c183a33860c60a721b3873e085cfb4a237e315548d9dcef92a8,"규칙: 꼭짓점과 밑변의 두 점을 고르는 모든 조합이 하나의 삼각형을 만듭니다. 적용: 모든 삼각형은 위 꼭짓점과 밑변 위의 서로 다른 두 점으로 결정됩니다. 밑변의 점 5개 중 2개를 고르므로 C(5,2)=10입니다. 검산: 연속하지 않은 밑변 점으로 만든 큰 삼각형과 중복을 검산합니다."
T25-03,3,T25,부채꼴 삼각형 전체 세기,4,T25-03-O3,3,31f8449d7df49f5053196caed1235733ee30e58ab8b6e321a6aaf2e788e389a3,"규칙: 꼭짓점과 밑변의 두 점을 고르는 모든 조합이 하나의 삼각형을 만듭니다. 적용: 모든 삼각형은 위 꼭짓점과 밑변 위의 서로 다른 두 점으로 결정됩니다. 밑변의 점 6개 중 2개를 고르므로 C(6,2)=15입니다. 검산: 연속하지 않은 밑변 점으로 만든 큰 삼각형과 중복을 검산합니다."
T25-04,3,T25,부채꼴 삼각형 전체 세기,5,T25-04-O6,6,27d22442961f5c3f8e8ec48b64e8373031c22abb68999ce6930d7f19c816d982,"규칙: 꼭짓점과 밑변의 두 점을 고르는 모든 조합이 하나의 삼각형을 만듭니다. 적용: 모든 삼각형은 위 꼭짓점과 밑변 위의 서로 다른 두 점으로 결정됩니다. 밑변의 점 7개 중 2개를 고르므로 C(7,2)=21입니다. 검산: 연속하지 않은 밑변 점으로 만든 큰 삼각형과 중복을 검산합니다."
T25-05,3,T25,부채꼴 삼각형 전체 세기,5,T25-05-O4,4,0d6ffe186853f568ea5f91caf5d13ec921f32fcd5e1183763ae2096a8c90be0f,"규칙: 꼭짓점과 밑변의 두 점을 고르는 모든 조합이 하나의 삼각형을 만듭니다. 적용: 모든 삼각형은 위 꼭짓점과 밑변 위의 서로 다른 두 점으로 결정됩니다. 밑변의 점 8개 중 2개를 고르므로 C(8,2)=28입니다. 검산: 연속하지 않은 밑변 점으로 만든 큰 삼각형과 중복을 검산합니다."
T25-06,2,T25,부채꼴 삼각형 전체 세기,4,T25-06-O3,3,424f4a1ddcd3ad3156da6777c1cf4d2ef806c4fabb583c845adc72abed63ac00,"규칙: 꼭짓점과 밑변의 두 점을 고르는 모든 조합이 하나의 삼각형을 만듭니다. 적용: 모든 삼각형은 공통 꼭짓점과 두 개의 방사선, 그리고 한 개의 수평선으로 결정됩니다. 방사선 6개 중 2개를 고르는 방법 C(6,2)에 수평선 1개를 곱해 15개입니다. 검산: 연속하지 않은 밑변 점으로 만든 큰 삼각형과 중복을 검산합니다."
T25-07,2,T25,부채꼴 삼각형 전체 세기,4,T25-07-O5,5,d63399cac1e840ebb4397c25ff57d0e9cf724584ab8ebe1feec704af6aece6de,"규칙: 꼭짓점과 밑변의 두 점을 고르는 모든 조합이 하나의 삼각형을 만듭니다. 적용: 모든 삼각형은 공통 꼭짓점과 두 개의 방사선, 그리고 한 개의 수평선으로 결정됩니다. 방사선 7개 중 2개를 고르는 방법 C(7,2)에 수평선 1개를 곱해 21개입니다. 검산: 연속하지 않은 밑변 점으로 만든 큰 삼각형과 중복을 검산합니다."
T25-08,2,T25,부채꼴 삼각형 전체 세기,4,T25-08-O3,3,5d17cde0d2ef8f80a3bcf9bfb31871a7989839a1f14b10b950fa0fcf12c7beeb,"규칙: 꼭짓점과 밑변의 두 점을 고르는 모든 조합이 하나의 삼각형을 만듭니다. 적용: 모든 삼각형은 공통 꼭짓점과 두 개의 방사선, 그리고 한 개의 수평선으로 결정됩니다. 방사선 8개 중 2개를 고르는 방법 C(8,2)에 수평선 1개를 곱해 28개입니다. 검산: 연속하지 않은 밑변 점으로 만든 큰 삼각형과 중복을 검산합니다."
T25-09,2,T25,부채꼴 삼각형 전체 세기,5,T25-09-O3,3,96a92b27aa19dbac7ae5eb928696fb2a4e11218859615362ed63063068c4cd81,"규칙: 꼭짓점과 밑변의 두 점을 고르는 모든 조합이 하나의 삼각형을 만듭니다. 적용: 모든 삼각형은 공통 꼭짓점과 두 개의 방사선, 그리고 한 개의 수평선으로 결정됩니다. 방사선 6개 중 2개를 고르는 방법 C(6,2)에 수평선 2개를 곱해 30개입니다. 검산: 연속하지 않은 밑변 점으로 만든 큰 삼각형과 중복을 검산합니다."
T25-10,2,T25,부채꼴 삼각형 전체 세기,5,T25-10-O2,2,4cc7e796d96369807b8d6e59b533afd8aadb89f7055af10c0956ed8e9ff005bc,"규칙: 꼭짓점과 밑변의 두 점을 고르는 모든 조합이 하나의 삼각형을 만듭니다. 적용: 모든 삼각형은 공통 꼭짓점과 두 개의 방사선, 그리고 한 개의 수평선으로 결정됩니다. 방사선 7개 중 2개를 고르는 방법 C(7,2)에 수평선 2개를 곱해 42개입니다. 검산: 연속하지 않은 밑변 점으로 만든 큰 삼각형과 중복을 검산합니다."
T25-11,2,T25,부채꼴 삼각형 전체 세기,5,T25-11-O7,7,d53a5cbb5c72b42bec21d2db0cc3f6f672a21579f2091cea2e3b78c7232ffece,"규칙: 꼭짓점과 밑변의 두 점을 고르는 모든 조합이 하나의 삼각형을 만듭니다. 적용: 모든 삼각형은 공통 꼭짓점과 두 개의 방사선, 그리고 한 개의 수평선으로 결정됩니다. 방사선 8개 중 2개를 고르는 방법 C(8,2)에 수평선 2개를 곱해 56개입니다. 검산: 연속하지 않은 밑변 점으로 만든 큰 삼각형과 중복을 검산합니다."
T25-12,2,T25,부채꼴 삼각형 전체 세기,5,T25-12-O8,8,9440af4a20e14794f0365302259873e40f4d5b7d90b55576764e672c3bb2b9d1,"규칙: 꼭짓점과 밑변의 두 점을 고르는 모든 조합이 하나의 삼각형을 만듭니다. 적용: 모든 삼각형은 공통 꼭짓점과 두 개의 방사선, 그리고 한 개의 수평선으로 결정됩니다. 방사선 6개 중 2개를 고르는 방법 C(6,2)에 수평선 3개를 곱해 45개입니다. 검산: 연속하지 않은 밑변 점으로 만든 큰 삼각형과 중복을 검산합니다."
T25-13,2,T25,부채꼴 삼각형 전체 세기,5,T25-13-O3,3,e9f40f1f4c436709d3808feafd38950a528d0cbabbfac8f07d5d1309f7ad7838,"규칙: 꼭짓점과 밑변의 두 점을 고르는 모든 조합이 하나의 삼각형을 만듭니다. 적용: 모든 삼각형은 공통 꼭짓점과 두 개의 방사선, 그리고 한 개의 수평선으로 결정됩니다. 방사선 7개 중 2개를 고르는 방법 C(7,2)에 수평선 3개를 곱해 63개입니다. 검산: 연속하지 않은 밑변 점으로 만든 큰 삼각형과 중복을 검산합니다."
T25-14,2,T25,부채꼴 삼각형 전체 세기,5,T25-14-O8,8,ebc686649bfb7389d1bd7e606fe32db65d198bfd4f86c398a6cb5da8fd353945,"규칙: 꼭짓점과 밑변의 두 점을 고르는 모든 조합이 하나의 삼각형을 만듭니다. 적용: 모든 삼각형은 공통 꼭짓점과 두 개의 방사선, 그리고 한 개의 수평선으로 결정됩니다. 방사선 8개 중 2개를 고르는 방법 C(8,2)에 수평선 3개를 곱해 84개입니다. 검산: 연속하지 않은 밑변 점으로 만든 큰 삼각형과 중복을 검산합니다."
T25-15,2,T25,부채꼴 삼각형 전체 세기,5,T25-15-O3,3,e6594f6e8129ee24b3f5c2cd9d8516d0285d811b60f1e9e37a970f12f9751517,"규칙: 꼭짓점과 밑변의 두 점을 고르는 모든 조합이 하나의 삼각형을 만듭니다. 적용: 모든 삼각형은 공통 꼭짓점과 두 개의 방사선, 그리고 한 개의 수평선으로 결정됩니다. 방사선 9개 중 2개를 고르는 방법 C(9,2)에 수평선 2개를 곱해 72개입니다. 검산: 연속하지 않은 밑변 점으로 만든 큰 삼각형과 중복을 검산합니다."
T25-16,4,T25,부채꼴 삼각형 전체 세기,1,T25-16-O5,5,dd71213a4df784ee4355a8aa803a4bf4d4bfbc2b3ea9f3a0b21e570e21375f6d,"규칙: 꼭짓점과 밑변의 두 점을 고르는 모든 조합이 하나의 삼각형을 만듭니다. 적용: 각 삼각형은 위 꼭짓점과 서로 다른 광선 2개, 수평 밑변 1개로 정해집니다. 한 단계마다 C(4,2)=6개이고 밑변 단계가 1개이므로 총 6×1=6개입니다. 검산: 6×1=6개입니다."
T25-17,4,T25,부채꼴 삼각형 전체 세기,4,T25-17-O6,6,d68c83b866c8cb0aa921fd9610c418405a5e7eed2f4be48dab528dabbdde73f6,"규칙: 꼭짓점과 밑변의 두 점을 고르는 모든 조합이 하나의 삼각형을 만듭니다. 적용: 각 삼각형은 위 꼭짓점과 서로 다른 광선 2개, 수평 밑변 1개로 정해집니다. 한 단계마다 C(5,2)=10개이고 밑변 단계가 1개이므로 총 10×1=10개입니다. 검산: 10×1=10개입니다."
T25-18,4,T25,부채꼴 삼각형 전체 세기,5,T25-18-O7,7,d2267748e67c01970b90e01790cd935aa34333adf3ad787e2a237a6e123d7911,"규칙: 꼭짓점과 밑변의 두 점을 고르는 모든 조합이 하나의 삼각형을 만듭니다. 적용: 각 삼각형은 위 꼭짓점과 서로 다른 광선 2개, 수평 밑변 1개로 정해집니다. 한 단계마다 C(6,2)=15개이고 밑변 단계가 1개이므로 총 15×1=15개입니다. 검산: 15×1=15개입니다."
T25-19,4,T25,부채꼴 삼각형 전체 세기,3,T25-19-O8,8,0cecf5022076b8342e227374a8b1d51b32c623588c8fcec336de5d023a5b75d3,"규칙: 꼭짓점과 밑변의 두 점을 고르는 모든 조합이 하나의 삼각형을 만듭니다. 적용: 각 삼각형은 위 꼭짓점과 서로 다른 광선 2개, 수평 밑변 1개로 정해집니다. 한 단계마다 C(7,2)=21개이고 밑변 단계가 2개이므로 총 21×2=42개입니다. 검산: 21×2=42개입니다."
T25-20,4,T25,부채꼴 삼각형 전체 세기,4,T25-20-O1,1,6661595e1024681b10e611b141906454e12f30740f325a548c79ca4f148521f7,"규칙: 꼭짓점과 밑변의 두 점을 고르는 모든 조합이 하나의 삼각형을 만듭니다. 적용: 각 삼각형은 위 꼭짓점과 서로 다른 광선 2개, 수평 밑변 1개로 정해집니다. 한 단계마다 C(8,2)=28개이고 밑변 단계가 2개이므로 총 28×2=56개입니다. 검산: 28×2=56개입니다."
T25-21,4,T25,부채꼴 삼각형 전체 세기,5,T25-21-O2,2,e08e998bc4281f318c6b5bea1380197402cc3af1b967750574aec5ec5693160b,"규칙: 꼭짓점과 밑변의 두 점을 고르는 모든 조합이 하나의 삼각형을 만듭니다. 적용: 각 삼각형은 위 꼭짓점과 서로 다른 광선 2개, 수평 밑변 1개로 정해집니다. 한 단계마다 C(9,2)=36개이고 밑변 단계가 2개이므로 총 36×2=72개입니다. 검산: 36×2=72개입니다."
T25-22,4,T25,부채꼴 삼각형 전체 세기,1,T25-22-O3,3,dbbd477c4b0992da8e463d10c24c4da2fb29ff3125fea1f6d5afada89e05811e,"규칙: 꼭짓점과 밑변의 두 점을 고르는 모든 조합이 하나의 삼각형을 만듭니다. 적용: 각 삼각형은 위 꼭짓점과 서로 다른 광선 2개, 수평 밑변 1개로 정해집니다. 한 단계마다 C(4,2)=6개이고 밑변 단계가 3개이므로 총 6×3=18개입니다. 검산: 6×3=18개입니다."
T25-23,4,T25,부채꼴 삼각형 전체 세기,4,T25-23-O4,4,40b1216fa8bbd2ca0264d5c591f2137024277e8c52841cc64d8ccdf88bebbbd2,"규칙: 꼭짓점과 밑변의 두 점을 고르는 모든 조합이 하나의 삼각형을 만듭니다. 적용: 각 삼각형은 위 꼭짓점과 서로 다른 광선 2개, 수평 밑변 1개로 정해집니다. 한 단계마다 C(5,2)=10개이고 밑변 단계가 3개이므로 총 10×3=30개입니다. 검산: 10×3=30개입니다."
T25-24,4,T25,부채꼴 삼각형 전체 세기,5,T25-24-O5,5,6c8472c0a7c7adc86eb9b0901552180cca98a0c3caa10ebcb0e014fa507cacf7,"규칙: 꼭짓점과 밑변의 두 점을 고르는 모든 조합이 하나의 삼각형을 만듭니다. 적용: 각 삼각형은 위 꼭짓점과 서로 다른 광선 2개, 수평 밑변 1개로 정해집니다. 한 단계마다 C(6,2)=15개이고 밑변 단계가 3개이므로 총 15×3=45개입니다. 검산: 15×3=45개입니다."
T25-25,4,T25,부채꼴 삼각형 전체 세기,3,T25-25-O6,6,b9eef4b7deab1488578a666d4a93acd1347b5fe111c5a0950f744c28c84bfac4,"규칙: 꼭짓점과 밑변의 두 점을 고르는 모든 조합이 하나의 삼각형을 만듭니다. 적용: 각 삼각형은 위 꼭짓점과 서로 다른 광선 2개, 수평 밑변 1개로 정해집니다. 한 단계마다 C(7,2)=21개이고 밑변 단계가 4개이므로 총 21×4=84개입니다. 검산: 21×4=84개입니다."
T25-26,4,T25,부채꼴 삼각형 전체 세기,4,T25-26-O7,7,e07928763cf435fb816d009c9bff302759d5a01fc0b4eae8ce7b1110d47f0bce,"규칙: 꼭짓점과 밑변의 두 점을 고르는 모든 조합이 하나의 삼각형을 만듭니다. 적용: 각 삼각형은 위 꼭짓점과 서로 다른 광선 2개, 수평 밑변 1개로 정해집니다. 한 단계마다 C(8,2)=28개이고 밑변 단계가 4개이므로 총 28×4=112개입니다. 검산: 28×4=112개입니다."
T25-27,4,T25,부채꼴 삼각형 전체 세기,5,T25-27-O8,8,259cc2732c62858788b970f24bbb4d3ea489263ea6d48bab34d312cf37fd37db,"규칙: 꼭짓점과 밑변의 두 점을 고르는 모든 조합이 하나의 삼각형을 만듭니다. 적용: 각 삼각형은 위 꼭짓점과 서로 다른 광선 2개, 수평 밑변 1개로 정해집니다. 한 단계마다 C(9,2)=36개이고 밑변 단계가 4개이므로 총 36×4=144개입니다. 검산: 36×4=144개입니다."
T26-01,4,T26,문자·기호 규칙 추론,2,T26-01-O1,1,28758503500653d4972cbae9baa4615b9f4a98da01934b68a05360d09177a81e,규칙: 문자 위치의 재배열과 알파벳 이동값을 분리해 두 예시에 공통인 변환을 찾습니다. 적용: 두 예시에 공통으로 적용된 규칙은 “문자열을 거꾸로 뒤집은 뒤 각 문자를 알파벳 순서로 1칸 뒤로 이동”입니다. 같은 규칙을 PESO에 적용하면 PTFQ입니다. 검산: 찾은 규칙이 두 예시를 모두 정확히 만드는지 확인한 뒤 문제 문자열에 적용합니다.
T26-02,4,T26,문자·기호 규칙 추론,4,T26-02-O2,2,987210d38d3fba696dbf3bf39a68a4720ee84a87ce8651c4cccb373d3fca343d,"규칙: 문자 위치의 재배열과 알파벳 이동값을 분리해 두 예시에 공통인 변환을 찾습니다. 적용: 두 예시에 공통으로 적용된 규칙은 “글자 위치를 [1, 3, 0, 2] 순서로 재배열한 뒤 위치별 이동값 [2, -1, 2, -1] 적용”입니다. 같은 규칙을 ESUK에 적용하면 UJGT입니다. 검산: 찾은 규칙이 두 예시를 모두 정확히 만드는지 확인한 뒤 문제 문자열에 적용합니다."
T26-03,4,T26,문자·기호 규칙 추론,5,T26-03-O3,3,10e79e436e646743c6c16937a990a77a867cca782b62b7452b1485c72347e801,"규칙: 문자 위치의 재배열과 알파벳 이동값을 분리해 두 예시에 공통인 변환을 찾습니다. 적용: 두 예시에 공통으로 적용된 규칙은 “문자열을 왼쪽으로 1칸 순환 이동한 뒤 홀수 위치는 +3, 짝수 위치는 −1 이동”입니다. 같은 규칙을 DJBP에 적용하면 MASC입니다. 검산: 찾은 규칙이 두 예시를 모두 정확히 만드는지 확인한 뒤 문제 문자열에 적용합니다."
T26-04,4,T26,문자·기호 규칙 추론,3,T26-04-O4,4,83d5866df6ab2cb175a7f3c81db26862e077bc45c0b3ae77021f4d82af983917,"규칙: 문자 위치의 재배열과 알파벳 이동값을 분리해 두 예시에 공통인 변환을 찾습니다. 적용: 두 예시에 공통으로 적용된 규칙은 “1·2번째, 3·4번째 글자를 서로 바꾼 뒤 위치별 이동값 [2, 1, -1, -2] 적용”입니다. 같은 규칙을 BDQV에 적용하면 FCUO입니다. 검산: 찾은 규칙이 두 예시를 모두 정확히 만드는지 확인한 뒤 문제 문자열에 적용합니다."
T26-05,4,T26,문자·기호 규칙 추론,4,T26-05-O5,5,0416a228dc0bba0c498a9d94d7f0a60536a361dd4674f06503da4f0f18e9dd4d,규칙: 문자 위치의 재배열과 알파벳 이동값을 분리해 두 예시에 공통인 변환을 찾습니다. 적용: 두 예시에 공통으로 적용된 규칙은 “문자열을 거꾸로 뒤집은 뒤 각 문자를 알파벳 순서로 5칸 뒤로 이동”입니다. 같은 규칙을 IERJ에 적용하면 OWJN입니다. 검산: 찾은 규칙이 두 예시를 모두 정확히 만드는지 확인한 뒤 문제 문자열에 적용합니다.
T26-06,4,T26,문자·기호 규칙 추론,5,T26-06-O6,6,2ea6e26507b818bc70ec8e2b79b951255b8598e71212187dcbf6387226102522,"규칙: 문자 위치의 재배열과 알파벳 이동값을 분리해 두 예시에 공통인 변환을 찾습니다. 적용: 두 예시에 공통으로 적용된 규칙은 “글자 위치를 [3, 1, 2, 0] 순서로 재배열한 뒤 위치별 이동값 [2, -1, 2, -1] 적용”입니다. 같은 규칙을 GVSB에 적용하면 DUUF입니다. 검산: 찾은 규칙이 두 예시를 모두 정확히 만드는지 확인한 뒤 문제 문자열에 적용합니다."
T26-07,4,T26,문자·기호 규칙 추론,2,T26-07-O1,1,c29bd17dbf10dc0e53e7a4d87933445cf72a9c1c450816743ee16482c31c65a0,"규칙: 문자 위치의 재배열과 알파벳 이동값을 분리해 두 예시에 공통인 변환을 찾습니다. 적용: 두 예시에 공통으로 적용된 규칙은 “문자열을 왼쪽으로 1칸 순환 이동한 뒤 홀수 위치는 +1, 짝수 위치는 −2 이동”입니다. 같은 규칙을 RNDM에 적용하면 OBNP입니다. 검산: 찾은 규칙이 두 예시를 모두 정확히 만드는지 확인한 뒤 문제 문자열에 적용합니다."
T26-08,4,T26,문자·기호 규칙 추론,4,T26-08-O2,2,9e388d578f31030cc3e2cd54f2e7f33707064b7654c416a1aaa6974304441af4,"규칙: 문자 위치의 재배열과 알파벳 이동값을 분리해 두 예시에 공통인 변환을 찾습니다. 적용: 두 예시에 공통으로 적용된 규칙은 “1·2번째, 3·4번째 글자를 서로 바꾼 뒤 위치별 이동값 [2, 1, -1, -2] 적용”입니다. 같은 규칙을 UHRB에 적용하면 JVAP입니다. 검산: 찾은 규칙이 두 예시를 모두 정확히 만드는지 확인한 뒤 문제 문자열에 적용합니다."
T26-09,4,T26,문자·기호 규칙 추론,5,T26-09-O3,3,557317881f9d3ca348b206e6def246d03fd02da6e68ee71eb3edb106b28b7c53,규칙: 문자 위치의 재배열과 알파벳 이동값을 분리해 두 예시에 공통인 변환을 찾습니다. 적용: 두 예시에 공통으로 적용된 규칙은 “문자열을 거꾸로 뒤집은 뒤 각 문자를 알파벳 순서로 4칸 뒤로 이동”입니다. 같은 규칙을 KUVB에 적용하면 FZYO입니다. 검산: 찾은 규칙이 두 예시를 모두 정확히 만드는지 확인한 뒤 문제 문자열에 적용합니다.
T26-10,4,T26,문자·기호 규칙 추론,3,T26-10-O4,4,02b458feb92f4962f3554aa58a32abdaaac693fff7eece7fdb3c624968d17e65,"규칙: 문자 위치의 재배열과 알파벳 이동값을 분리해 두 예시에 공통인 변환을 찾습니다. 적용: 두 예시에 공통으로 적용된 규칙은 “글자 위치를 [2, 0, 3, 1] 순서로 재배열한 뒤 위치별 이동값 [2, -1, 2, -1] 적용”입니다. 같은 규칙을 OHRF에 적용하면 TNHG입니다. 검산: 찾은 규칙이 두 예시를 모두 정확히 만드는지 확인한 뒤 문제 문자열에 적용합니다."
T26-11,4,T26,문자·기호 규칙 추론,4,T26-11-O5,5,7ab79b4df8f8a775549c97ad82ee7d71792ca0ac52072305d647fc3baf4cdabb,"규칙: 문자 위치의 재배열과 알파벳 이동값을 분리해 두 예시에 공통인 변환을 찾습니다. 적용: 두 예시에 공통으로 적용된 규칙은 “문자열을 왼쪽으로 1칸 순환 이동한 뒤 홀수 위치는 +2, 짝수 위치는 −3 이동”입니다. 같은 규칙을 RCJN에 적용하면 EGPO입니다. 검산: 찾은 규칙이 두 예시를 모두 정확히 만드는지 확인한 뒤 문제 문자열에 적용합니다."
T26-12,4,T26,문자·기호 규칙 추론,5,T26-12-O6,6,73a06299c5f124630977a6e87ef823fd973150aa939714a849a8735acf8c7a5e,"규칙: 문자 위치의 재배열과 알파벳 이동값을 분리해 두 예시에 공통인 변환을 찾습니다. 적용: 두 예시에 공통으로 적용된 규칙은 “1·2번째, 3·4번째 글자를 서로 바꾼 뒤 위치별 이동값 [2, 1, -1, -2] 적용”입니다. 같은 규칙을 FUJK에 적용하면 WGJH입니다. 검산: 찾은 규칙이 두 예시를 모두 정확히 만드는지 확인한 뒤 문제 문자열에 적용합니다."
